date,BlkCnt,PriceBTC,PriceUSD,ROI1yr,ROI30d,TxCnt,TxTfrCnt,VtyDayRet180d,VtyDayRet30d,VtyDayRet60d
2018-06-09,13337,0.0018924181285245698,14.299436303232,,,25103,163930,,,
2018-06-10,80482,0.0017178488452872086,11.5864366075041,,,12975,51,,,
2018-06-11,172800,0.0017176900108172941,11.7652364605707,,,14362,223,,,
2018-06-12,172800,0.0015296587012984283,9.98362295629155,,,10237,416,,,
2018-06-13,172682,0.001592272888371413,10.0416899376121,,,8200,404,,,
2018-06-14,172291,0.0016945070560246372,11.2341922552721,,,8898,324,,,
2018-06-15,172503,0.001665966473936256,10.6616424055291,,,117776,797,,,
2018-06-16,138696,0.001625809663939224,10.5601463999906,,,14462,1100,,,
2018-06-17,172750,0.0015993790828160769,10.3171050097807,,,60225,3299,,,
2018-06-18,172792,0.0015843824229720355,10.6214028340409,,,62825,534,,,
2018-06-19,170453,0.0015824119081664647,10.6536021114756,,,52127,800,,,
2018-06-20,172746,0.0015399029825613096,10.3992833329534,,,46448,1744,,,
2018-06-21,172604,0.001545962333217054,10.3894438854897,,,22361,1608,,,
2018-06-22,172771,0.0014143721321593313,8.57049522788253,,,115952,2581,,,
2018-06-23,172728,0.0013692191125421825,8.4538679422624,,,13605,1926,,,
2018-06-24,172653,0.0013095774517825826,8.0493010381314,,,11904,2199,,,
2018-06-25,172779,0.0013346156966712642,8.33272040224216,,,112692,2877,,,
2018-06-26,172762,0.0012493771580504224,7.61636403304761,,,66819,2916,,,
2018-06-27,172602,0.0013050286017226042,8.0118181280105,,,280735,4228,,,
2018-06-28,172629,0.0012572724840898405,7.36590155823498,,,144743,5304,,,
2018-06-29,172705,0.001251341196547078,7.78448561184296,,,215778,4414,,,
2018-06-30,172348,0.001270979830508475,8.10318431373998,,,115583,4184,,,
2018-07-01,172641,0.0012786026846813895,8.13370636453328,,,137605,5485,,,
2018-07-02,172661,0.0013512796253088925,8.92975189610913,,,136374,8820,,,
2018-07-03,172425,0.001353539043264947,8.79571340251051,,,154333,15281,,,
2018-07-04,172722,0.0013506934221990264,8.88666231394189,,,121374,9310,,,
2018-07-05,172716,0.0013514807024766608,8.83232967616004,,,132905,10326,,,
2018-07-06,172416,0.001304259907753121,8.60610565166656,,,164584,10084,,,
2018-07-07,170417,0.0013027660466219337,8.77785012852123,,,132157,7330,,,
2018-07-08,170154,0.0012958565375044623,8.68861438969391,,,148823,4867,,,
2018-07-09,172763,0.0011619716477244012,7.74340705641391,,-45.848165674448836,124233,5491,,0.07499325802385896,
2018-07-10,172614,0.0011353320391264013,7.1629052073846,,-38.178531933230836,607517,5211,,0.06688589617221195,
2018-07-11,172041,0.0011180387547802633,7.13082491681989,,-39.39072163387702,676522,5162,,0.06666323745198811,
2018-07-12,172781,0.0010936245873599823,6.73614420213072,,-32.52805888582071,353894,5720,,0.06112513022830162,
2018-07-13,172421,0.001100527489772062,6.83315930546062,,-31.95209822336403,936260,71925,,0.061235430196857274,
2018-07-14,170903,0.0011109120777323205,6.94888000012581,,-38.1452636537819,2262260,6849,,0.05683629358007057,
2018-07-15,171031,0.0011608567786303245,7.36865944932268,,-30.886263400643493,3235266,9033,,0.057991669552427565,
2018-07-16,171178,0.0012001043401560574,8.05366913165146,,-23.735251135735872,2207672,12147,,0.060867273478404066,
2018-07-17,164504,0.0012033354384652839,8.80913118703178,,-14.616249629322853,6321607,13044,,0.06339582781374556,
2018-07-18,168336,0.0011678699465984931,8.61425350139786,,-18.897215028981464,6742780,20207,,0.06313022499233784,
2018-07-19,163751,0.001123092898889539,8.38617319592851,,-21.28321380713771,8307321,9493,,0.06320234196642563,
2018-07-20,168422,0.0010718888603156046,7.85400481510998,,-24.475518517491533,5766224,17416,,0.06401464342961612,
2018-07-21,170208,0.001085702267196905,8.04566789527693,,-22.55920544011194,7026314,19191,,0.06429103030124929,
2018-07-22,169868,0.0010597926154295733,7.84191823298928,,-8.500990613972442,7545183,10541,,0.054265500718655234,
2018-07-23,170217,0.0010270230654587963,7.92467288708985,,-6.259797985807299,7167206,28761,,0.054280201576253996,
2018-07-24,171853,0.001021678701097126,8.57966594012537,,6.588955978680741,6941143,20725,,0.05550681952766783,
2018-07-25,170392,0.001045355810993478,8.57476143126815,,2.9047059944656577,7274454,15234,,0.05516759344488001,
2018-07-26,168624,0.001048447143226791,8.29733811609825,,8.940934021744159,7078502,42984,,0.05286436574595043,
2018-07-27,171701,0.0010318196769416698,8.43386147886521,,5.267760002928488,3698247,92325,,0.05216197905540285,
2018-07-28,171609,0.0010128323248620452,8.29546141767658,,12.619770330793592,5653877,77623,,0.049733995495717935,
2018-07-29,170964,0.0010152940794697675,8.35547008439263,,7.334903049740372,8416822,10917,,0.0487893037153574,
2018-07-30,170040,0.0009482835804798164,7.74922123845591,,-4.368197261462773,8083188,10252,,0.05023934142719524,
2018-07-31,170145,0.0009458956179817736,7.30716948702556,,-10.161872588759815,7271422,19768,,0.05129875133632256,
2018-08-01,170709,0.0009516686766016883,7.22953954360492,,-19.039861043004183,7661173,16561,,0.047924798938530355,
2018-08-02,168683,0.0009326198418752568,7.03446670288858,,-20.023920960399035,8216221,38577,,0.0480477822768383,
2018-08-03,162125,0.0009686831102888043,7.17924399965258,,-19.213268761328063,8362106,35377,,0.04821115027626918,
2018-08-04,168019,0.000994563680577956,6.96414240993799,,-21.151693094797004,7215390,86937,,0.04839769285774312,
2018-08-05,170416,0.001001059694200977,7.03903908378621,,-18.208776783688336,3364069,78607,,0.048389491189324355,
2018-08-06,170405,0.0010175232875511398,7.05142711738,,-19.667948140646523,5985614,77157,,0.04816114262034592,
2018-08-07,171412,0.000977018085422114,6.56808070950237,,-24.40589011185527,7390761,17220,,0.04954706108786032,
2018-08-08,171606,0.000885866768022449,5.55207134820721,,-28.29937380589599,6763672,17838,,0.05416748019530321,0.06502910883057994
2018-08-09,172136,0.0008879429325044515,5.82321580009223,,-18.703157008293452,7358344,11393,,0.053675344961792576,0.06030124426323961
2018-08-10,169938,0.0008522138086645814,5.22897246040611,,-26.670861767027404,6806954,65693,,0.0567321135788709,0.06145385199934299
2018-08-11,166506,0.0007983369376743951,5.04049929083099,,-25.17233688024935,7337851,50687,,0.056277542780857844,0.05827729035974208
2018-08-12,163086,0.0007915887768908774,4.99863904422361,,-26.84732170331488,7667153,86155,,0.05609659837633991,0.05823517369809398
2018-08-13,165456,0.0007338068468731728,4.59792219603228,,-33.832183086353,8690801,10181,,0.05739495421911686,0.05664153281921874
2018-08-14,169339,0.0007270725318221014,4.49681934217048,,-38.97371193367033,8476219,13605,,0.05575192139457393,0.05643747534975192
2018-08-15,168597,0.0007360509109218123,4.615197314226,,-42.694475787588985,7608512,18003,,0.05275523031084788,0.05667506730346529
2018-08-16,171943,0.0007142156147988035,4.4929522039703,,-48.996647812618264,3237242,8218,,0.04864186984809495,0.05668703400039386
2018-08-17,172335,0.0008361885377276749,5.48797083723707,,-36.29197426861746,2915955,11232,,0.06337307105582664,0.06284455653038268
2018-08-18,172062,0.0007963371008981662,5.09599001321047,,-39.23342752228663,4696460,100930,,0.06425819664236994,0.06333959291872791
2018-08-19,171033,0.0008145333870191973,5.28690499120208,,-32.685233639902634,7962129,20383,,0.06428608034426297,0.06363393444042885
2018-08-20,171154,0.0007538991414734806,4.72917367675627,,-41.22086894075693,7622643,23050,,0.06630773364431243,0.06491697428455792
2018-08-21,171713,0.0007576015026074511,4.90401213398007,,-37.46412563510372,6517695,214223,,0.06701300154892073,0.06079184251066219
2018-08-22,172631,0.0007401288390717069,4.71092733739938,,-40.55366821419227,2436247,161638,,0.06696980211719339,0.060920181141033966
2018-08-23,171654,0.0007513611706271824,4.89617671362791,,-42.93278144164707,6802495,75500,,0.06533018015500312,0.06101227366421078
2018-08-24,171989,0.0007541663340715919,5.05120389757314,,-41.09219319905789,6909744,90845,,0.06588857046065276,0.06097296973636808
2018-08-25,171924,0.0007474713043146926,5.04202204207152,,-39.23325804586487,6723165,107044,,0.06588480056721191,0.06002932241041278
2018-08-26,172324,0.0007375214042967465,4.93392182513806,,-41.49866182291238,2606981,63037,,0.06559462064788081,0.05957960583831831
2018-08-27,171721,0.000780396680303915,5.33725694249804,,-35.66051755572006,5774012,99871,,0.06791878654314208,0.05976369791533764
2018-08-28,171719,0.0008368658305956086,5.93586741747524,,-28.95830686339264,5647034,91755,,0.0713442150230007,0.060991790318907564
2018-08-29,172065,0.0008741056519797105,6.14795922710919,,-20.66352168912631,5336604,112168,,0.07077875112012451,0.06093295632707318
2018-08-30,171296,0.0008687083825197128,6.05225980487799,,-17.17367695351474,4498186,98005,,0.07014222155337993,0.06093944807758952
2018-08-31,171207,0.0009153272758514264,6.43030297285485,,-11.05515179672896,3452908,163421,,0.07118722935233814,0.06018548795963309
2018-09-01,170918,0.0009244341379310336,6.64885622679701,,-5.481730063961014,4347626,129679,,0.07136150763298411,0.06037955544036515
2018-09-02,171124,0.0009052122879975624,6.59598122302163,,-8.12429242771489,4210544,135551,,0.07124431508199684,0.06034894169561111
2018-09-03,171106,0.0008910014152560696,6.46641623177258,,-7.146984493814243,4380459,128047,,0.07112908945976268,0.060379355923620884
2018-09-04,170554,0.0008790808488119978,6.46899024117134,,-8.098390076110334,4775080,146022,,0.07108818033552466,0.060321664313101264
2018-09-05,171167,0.000777658581644913,5.28099958454868,,-25.107364840624392,5048300,186328,,0.07990749916361081,0.06542149509602788
2018-09-06,171340,0.0008006559806465845,5.19471680175138,,-20.90966856975549,904322,210209,,0.0790792304013538,0.06542931384543073
2018-09-07,168905,0.0007858489311214535,5.03623359912447,,-9.29090634343715,5077672,194340,,0.07324698313910537,0.06399146034441819
2018-09-08,172404,0.0007650823415979376,4.73416924684609,,-18.701806538388833,3157711,180191,,0.07335052328090226,0.06372330491295515
2018-09-09,158111,0.0007903545080444624,4.93911999326126,,-5.5432012568362055,5914093,117674,,0.07133201782370162,0.06403988008592201
2018-09-10,161229,0.0007964301669973066,5.01383739605904,,-0.5289534475374192,4810318,125228,,0.07108633592491825,0.06374514168756301
2018-09-11,170573,0.0007899898607503488,4.95989180683583,,-0.7751557382915341,1208067,162234,,0.07109758747044144,0.0636992337944427
2018-09-12,170838,0.0007790078632783397,4.92920058214193,,7.204958500505354,734139,153581,,0.06935363496759583,0.06363295134006369
2018-09-13,172615,0.0008391772484634316,5.44702593776242,,21.13063753042175,622998,178340,,0.07141633702670142,0.06455609154183972
2018-09-14,172475,0.0008096427817678751,5.25838331432015,,13.936262228953394,617577,170183,,0.0717113850876987,0.06347496125605184
2018-09-15,172449,0.0008277949163969465,5.40067117324324,,20.20317439546349,803841,203919,,0.0715744378558491,0.0623587460920648
2018-09-16,172588,0.000832982983932671,5.41222755594389,,-1.3801691652449286,714053,199716,,0.06149614365833878,0.06234431365832416
2018-09-17,172564,0.0007770555946402237,4.86327616214861,,-4.5666072825611765,824651,217615,,0.06312319128838943,0.06360521817850133
2018-09-18,172575,0.0008010478387733736,5.07892189439617,,-3.9339291542407957,966723,249498,,0.0632729235536306,0.063520571831649
2018-09-19,172690,0.0008175079933499365,5.21893168763078,,10.356101178555875,991483,280378,,0.05992569374638287,0.06354762814588914
2018-09-20,172793,0.0008835146826424768,5.7416147993341,,17.079946836800243,970800,295499,,0.06198686684337223,0.06486163824041852
2018-09-21,172684,0.0009125838099131064,6.1518578698373,,30.586982758120197,1107356,406024,,0.062431474790189435,0.06553800483164983
2018-09-22,172794,0.0008852965165863975,5.93633459012748,,21.244287887004102,1129405,372707,,0.06268535263487127,0.06472781904970917
2018-09-23,172655,0.0009014549605057614,6.04257596393363,,19.626451168142232,1152990,308525,,0.06255028785271449,0.06479763487881456
2018-09-24,172793,0.0008597815898328427,5.654392318471,,12.145331204222336,1052415,446689,,0.06392384191784069,0.06517806658238524
2018-09-25,172733,0.0008381854404789497,5.37816995857409,,9.003955660031144,1197181,344632,,0.06452222542289797,0.06534943723134229
2018-09-26,172760,0.0008592444501808637,5.5535120393926,,4.05180225019005,1130722,281724,,0.06318566354904379,0.0655366057021764
2018-09-27,172521,0.0008710284153352183,5.81664108035429,,-2.008574800204378,903256,302107,,0.060646600251247254,0.06587045875814689
2018-09-28,172690,0.0008671799196392716,5.74344201105778,,-6.579699069370967,909954,311722,,0.06030082207322304,0.06524709909846967
2018-09-29,172772,0.000873073179941003,5.74874960909171,,-5.014824306479012,1131483,344546,,0.06024959236465977,0.06486767446257406
2018-09-30,172793,0.0008637712502036874,5.70476428988596,,-11.283118167708581,1288261,352063,,0.0590933549562598,0.06486359223073115
2018-10-01,172788,0.0008678214058727413,5.69448250498867,,-14.35395336060824,1416553,372501,,0.058672772760181555,0.06479115685192441
2018-10-02,172793,0.0008617489786471004,5.60888362116545,,-14.965136626086217,1883906,507579,,0.0586992033583659,0.06473137460611585
2018-10-03,172800,0.0008627895310765367,5.57746568880478,,-13.747190269008092,1377687,406989,,0.05863600050974369,0.06463966933695783
2018-10-04,172773,0.0008796886583379326,5.75781356749108,,-10.99362724577996,1472286,384249,,0.05901394068952457,0.06477681903122637
2018-10-05,172729,0.000877017794169641,5.77529335873396,,9.359852548208885,1461415,461107,,0.04549379364456339,0.06477872832869652
2018-10-06,172799,0.0008701316481589711,5.69977849324118,,9.722602997713377,1668270,643956,,0.045448954384851185,0.06418207152045849
2018-10-07,172685,0.0008709722052862586,5.71755649423564,,13.52842122394035,2118262,558342,,0.04499143861369306,0.0603844148185147
2018-10-08,172690,0.000889225385739333,5.87305381055621,,24.056693040048092,1876713,506034,,0.04338465872745899,0.060167848638634225
2018-10-09,172785,0.0008905553993119528,5.86914179323642,,18.829706531609776,2210216,509186,,0.04288951515071414,0.05848126779878408
2018-10-10,172292,0.0008933296639392164,5.83264088497869,,16.33087442291692,2020740,538658,,0.042906745225881567,0.05827200995980679
2018-10-11,172779,0.0008193938748193487,5.04685306942291,,1.753289506582136,1978872,536901,,0.05084250630698788,0.06128089633344638
2018-10-12,172669,0.000826653845704267,5.11837378796843,,3.837807017061922,2330505,644305,,0.05088395746050005,0.06030866702936485
2018-10-13,172722,0.0008366002922267682,5.18498566471815,,-4.810703602999788,2503599,686745,,0.0474308865021694,0.0602420987273453
2018-10-14,172732,0.0008208235399538168,5.07505291044898,,-3.48644046872556,1986076,537772,,0.047159666227187015,0.06023811095461822
2018-10-15,172762,0.0008300286796647563,5.34763856860902,,-0.9819632214781292,1177049,445012,,0.04790797104622898,0.06047140261021764
2018-10-16,172731,0.0008249177389406875,5.33056659059653,,-1.5088235759355104,1814330,579306,,0.04790840171806573,0.054653416002214704
2018-10-17,172785,0.0008270696067600065,5.32858674665464,,9.567842108733021,2593686,773841,,0.04349110200476154,0.05379217929931699
2018-10-18,172727,0.0008245414319111632,5.27416262345829,,3.8441372622315577,3525586,1086290,,0.04287377912507964,0.053600549113297466
2018-10-19,172588,0.000826499053185271,5.27560779129348,,1.0859713645423918,4329377,1294152,,0.042593015623965884,0.05156543761280138
2018-10-20,172103,0.0008283634251004037,5.30836219387321,,-7.54583197589531,3739962,1421382,,0.03865743514163607,0.05137032368623783
2018-10-21,172568,0.0008359531823495025,5.36292430927353,,-12.824313845609616,3708061,1368152,,0.036320662712547996,0.051091694082653356
2018-10-22,172574,0.0008307777673874922,5.32365187712209,,-10.320892525571614,3535491,1099893,,0.03584982010603491,0.05088054555503946
2018-10-23,172537,0.0008370513267095251,5.35376996216417,,-11.399211294665411,3611763,1155189,,0.03566874427411882,0.050733846915332594
2018-10-24,172644,0.0008279545528930448,5.31033792604843,,-6.084727996298747,4709812,1150403,,0.03368725935936823,0.05074631311448587
2018-10-25,172693,0.0008311790960411052,5.32147858898705,,-1.0541014884935034,3771304,1229700,,0.03244819259630555,0.05066009804739865
2018-10-26,172668,0.0008332332343530133,5.33611608218788,,-3.914567136303477,4684851,1251458,,0.03187395848205254,0.049634030212060136
2018-10-27,172509,0.0008330617670955452,5.33943052823057,,-8.20422896189176,4521588,1266822,,0.030585555122754453,0.047632455982979056
2018-10-28,172549,0.000837690587285048,5.36677637228277,,-6.558186502968444,4113607,1283398,,0.03056108632232693,0.04739572067161067
2018-10-29,172691,0.0008118226919355237,5.08447940073467,,-11.555038113096607,4019134,1284099,,0.031977964551683495,0.04783629011470537
2018-10-30,172455,0.0008119604038669486,5.09275184173415,,-10.728093520653493,3836278,1228691,,0.03198709911783585,0.04710993677814643
2018-10-31,172573,0.0008243022184412685,5.19831103668634,,-8.713196815824054,4486620,1358359,,0.03229281106684927,0.046965923864554456
2018-11-01,172654,0.0008251938535033657,5.23418604639243,,-6.680430546982244,4690299,1399475,,0.03225839928430761,0.046984287953909444
2018-11-02,172394,0.000838797519821075,5.32482806257498,,-4.529613274661655,4898804,1478280,,0.03244543026976702,0.04701379638763388
2018-11-03,172521,0.0008337678636199372,5.27978007855468,,-8.302343994522555,4328081,1335734,,0.03184506929604287,0.04701616111985644
2018-11-04,172443,0.0008548087323517144,5.48823279123286,,-4.970493266233476,3996033,1231884,,0.03272829984034021,0.03936202662665944
2018-11-05,172047,0.000849441561302219,5.43892915984087,,-4.576481940651302,4395419,1149210,,0.03268702284444405,0.03931885353879887
2018-11-06,172050,0.0008850225036573337,5.70055846803174,,-0.29729529075991856,4240665,1182315,,0.03386344847722436,0.03953950612660031
2018-11-07,171945,0.0008635363802505587,5.61373757996304,,-4.4153559452677955,4047880,1077001,,0.03358114397085405,0.03871247884997024
2018-11-08,171314,0.0008531125293977319,5.46568120370581,,-6.874268909222073,4527130,1180789,,0.033894330880552444,0.03854381384589611
2018-11-09,169748,0.0008418647983203381,5.33016490885033,,-8.614896511500138,7101135,1995188,,0.03414265898026376,0.038656564168361086
2018-11-10,171366,0.0008441902098622864,5.36323557225639,,6.268906553874726,7305228,1947579,,0.021214774667513984,0.03863063027671942
2018-11-11,171693,0.0008444643811392951,5.35003163502024,,4.526004872804712,7995091,2090137,,0.021105570656062927,0.038621319354958016
2018-11-12,172237,0.0008451279751279908,5.34176325220288,,3.0236841068152187,7319436,1914758,,0.020999871743794273,0.036391021922923684
2018-11-13,172318,0.0008196396462346496,5.1374504777551,,1.229495897030952,7018913,1815304,,0.021873543686559922,0.03645522608522504
2018-11-14,172548,0.0008086627882837594,4.50769529905067,,-15.706807009899121,5404547,1594821,,0.030665451279665284,0.03997091860450082
2018-11-15,172523,0.0008304173806610128,4.59931699258785,,-13.71804639489266,4450301,1456946,,0.03102440684046438,0.040077480273477996
2018-11-16,172458,0.0008152251119818789,4.4804904474946,,-15.915970584367164,5220412,1655438,,0.0312508710791647,0.03780922289231367
2018-11-17,172374,0.0008228512726651042,4.52658083338275,,-14.174416745332497,5616736,1787749,,0.031373255192173516,0.03738397361048985
2018-11-18,172111,0.0008161900767221375,4.5342430398579,,-14.052688917835773,5161205,1720696,,0.031382684776698956,0.03719184776638623
2018-11-19,172312,0.000836566966131349,4.0089962348965,,-24.477718579120467,6287736,1967756,,0.03797371132050656,0.038142816006897555
2018-11-20,172144,0.0008367337930242854,3.61262381407136,,-32.63705385838773,7747554,2430880,,0.04151280868971156,0.038913322297783756
2018-11-21,171166,0.0008278047996044864,3.76595059477111,,-29.26001395855841,7784264,2429778,,0.042693131014837585,0.03928760122266991
2018-11-22,171301,0.0008185441865324624,3.52269948830328,,-34.201515694572564,8130661,2433837,,0.043722973072416335,0.0398748706341691
2018-11-23,170942,0.0008273823025030734,3.54938142645662,,-33.160912245413094,7235145,2215204,,0.04388837620120267,0.03920771837606931
2018-11-24,171820,0.0008368801776419303,3.18543118426989,,-40.140110854486394,7107528,1986966,,0.047047965445435484,0.0409495439917761
2018-11-25,171942,0.0008340730638241714,3.29196200121995,,-38.307901280322206,7031162,2047177,,0.04780259693879019,0.04096342170553492
2018-11-26,171712,0.0008371969604389754,3.09786818583861,,-41.98129988845064,7138212,2057565,,0.04837271012719062,0.040858326225280954
2018-11-27,170974,0.0007839185765949778,2.96051232972866,,-44.83630163875452,6245134,1851455,,0.048413479825662915,0.04110485077856892
2018-11-28,171400,0.0007668987045083649,3.22747423185961,,-36.523014895226765,6456131,1955087,,0.0516675453679185,0.04296340980732278
2018-11-29,172264,0.0007036348482043083,2.98273590688973,,-41.43174457379277,6933771,1955334,,0.05284265346609271,0.043881784343644044
2018-11-30,172160,0.0007158596491810155,2.84434952076461,,-45.283198702597474,6156265,1816139,,0.052599257834299966,0.044118864449612785
2018-12-01,172080,0.0007015620109626264,2.91013094455251,,-44.401461492598905,5821806,1705681,,0.05296171175662866,0.04433897595223679
2018-12-02,170343,0.0006854585668219748,2.80952108253592,,-47.237337064789806,6436589,1942342,,0.0525705845266448,0.04444304236224537
2018-12-03,171893,0.0006661820796949853,2.56078836964475,,-51.49820008514907,6439910,1919138,,0.05408861993316637,0.04528844218458801
2018-12-04,171970,0.0006190987983789088,2.41012168679874,,-56.08565127469133,6631478,1979188,,0.0531417653146575,0.04563899639939176
2018-12-05,172345,0.000584452040630792,2.1680370353784,,-60.13853147074577,6975645,1961339,,0.05489688008999493,0.04713500846284707
2018-12-06,172135,0.000527025981857867,1.85089890077669,,-67.53127064380836,6600769,1915144,0.05923117989116536,0.05760144706825505,0.05049809022613515
2018-12-07,171225,0.0005085440786893055,1.71531698690479,,-69.4442969149961,6442157,1903216,0.057531524396405985,0.05786266913480311,0.050669280755194494
2018-12-08,171827,0.000530458343986278,1.80777614708579,,-66.9249617804256,6621969,2032535,0.05769168288691928,0.06022640988205375,0.05148062167959688
2018-12-09,172127,0.0005621923414421234,1.99040801495397,,-62.657665400763676,7227552,2206963,0.05707558912152841,0.06493534738485636,0.05358920387369093
2018-12-10,172162,0.0005553812307104225,1.89584525053548,,-64.65109121175765,6571730,1963917,0.05714128121705128,0.06457003875573188,0.05111533539950885
2018-12-11,172295,0.0005403865706888264,1.81168067114688,,-66.13701011994061,6491261,1930889,0.056473125083808424,0.06430709637505741,0.051092746344192586
2018-12-12,172411,0.000568523336957801,1.94606272652523,,-63.56890721948981,6218645,1763674,0.056710520801433455,0.06699024756187298,0.05222872509714816
2018-12-13,172306,0.0005574396299797284,1.81744360530501,,-64.62362774737296,6726936,2054714,0.05688036000971664,0.06728509244224368,0.05265630050424412
2018-12-14,172530,0.0005638411851108167,1.80369833467803,,-59.986240972013064,5858419,1815417,0.056871565727716726,0.06493373301700447,0.051879648108931226
2018-12-15,172479,0.0005853144411071031,1.86426983385145,,-59.46637648903385,6120170,1914633,0.05688741564623843,0.06532256568722085,0.052265571600649006
2018-12-16,170620,0.0005904140680912737,1.88661770679192,,-57.89260731831537,4735056,1413109,0.05690235314776966,0.06577017945957797,0.052357855809225674
2018-12-17,172214,0.0006817517679862046,2.3855561179834,,-47.298939181858046,3596917,1160421,0.05973223952687197,0.08129590234896446,0.06163997846527687
2018-12-18,172018,0.000717270272067694,2.62487019899711,,-42.110068297543854,4274601,1396585,0.060228950889374466,0.08397745136509209,0.06320244627542664
2018-12-19,172359,0.0006675478124480847,2.4684084372728,,-38.42826751029547,6390915,1867607,0.058756617689395475,0.0820541485824782,0.06348185718783285
2018-12-20,172429,0.0006617915955581531,2.69199462793931,,-25.48367152279046,5590763,1561639,0.05916704377857518,0.08239715798436709,0.06470733343932529
2018-12-21,172268,0.0006702017869048317,2.57296169974022,,-31.67829383336343,5615823,1659577,0.059152354262602375,0.08205421687782893,0.0648508726308748
2018-12-22,172380,0.0006512270805300678,2.58208028378115,,-26.70165898752784,5359207,1631589,0.05907750572674662,0.08145840745045646,0.06484167593167167
2018-12-23,172363,0.0007060452985033434,2.78370149602573,,-21.572207616899473,5016091,1565961,0.05905717656503033,0.08289439745681243,0.06581413633948263
2018-12-24,171837,0.000688377199667866,2.78107540717255,,-12.693910296794547,5832797,1797460,0.05890786736083048,0.08071311493425866,0.06580523882292263
2018-12-25,172383,0.0006610580928698076,2.4866255523572,,-24.463722502395377,6225441,1730465,0.0591504732027817,0.0827034726574304,0.06705762456239599
2018-12-26,172047,0.0006737666301580731,2.56547253126518,,-17.185871787805183,6186930,1922381,0.05903826121082399,0.08243618442241264,0.06727680651815121
2018-12-27,172016,0.0006350490128558126,2.27694317398464,,-23.089556117696393,5835971,1820595,0.05953378037664417,0.08471895844577411,0.06863742060026855
2018-12-28,172378,0.0006767770280429609,2.62660879064896,,-18.61720336228502,5476461,1556981,0.06056870869189822,0.08748975322953505,0.07135787880284804
2018-12-29,170850,0.0006948144270740937,2.6563716656916,,-10.941774645360693,5630450,1547521,0.060121561745987616,0.08647393457450941,0.07139765857250738
2018-12-30,172241,0.0006926977098147117,2.64985098865007,,-6.838067216938068,5685662,1673235,0.06011910132363155,0.08608016234541227,0.07128813162870928
2018-12-31,172326,0.0006832822724273033,2.51939835396091,,-13.426632616756107,5566999,1572154,0.06019395780289841,0.08638010930597849,0.07142566421254595
2019-01-01,172266,0.0006903139345934581,2.62879680378072,,-6.4325653179322355,5802132,1638975,0.060306952092208495,0.08660225857221657,0.07167662083052559
2019-01-02,172230,0.0007329912079743594,2.85734448566544,,11.580656938934416,5377137,1529384,0.060661736712604435,0.08622396273569706,0.07272111335532824
2019-01-03,171349,0.0006980873257737151,2.64183374169771,,9.614122646510154,5812178,1722207,0.06086872588788312,0.08674071243004208,0.07295660667268923
2019-01-04,172310,0.0007047524380704933,2.6974572896706,,24.419336277611002,5643870,1759119,0.06090261601383473,0.08430509018241734,0.07308027960696639
2019-01-05,172123,0.0007031690107183801,2.67106761683633,,44.31191329334485,6766712,1912423,0.06035618631041445,0.07841191188296621,0.07267415214335113
2019-01-06,171883,0.0007056093965558732,2.85489122603626,,66.43519814887271,7174275,1913898,0.06035386569968623,0.07718784578118701,0.07338802703318947
2019-01-07,172581,0.0006851648542040625,2.74135710525061,,51.64250892843071,7326410,2023041,0.06041171411601353,0.07758064946326723,0.07345923845993212
2019-01-08,172636,0.0006947447428404436,2.77385369301425,,39.36105924886952,6841224,2031454,0.06030066651536266,0.07600517128696771,0.07349780495985334
2019-01-09,172371,0.0007225341604103981,2.89321394039033,,52.60812767145124,5904370,1724662,0.06038586622209561,0.07534940787432037,0.07378524382068337
2019-01-10,172365,0.0006610697485828333,2.39829722159361,,32.379688086829,5795248,1643515,0.06188140571114898,0.08327700450165781,0.07724297918050556
2019-01-11,171383,0.000655527263379603,2.37573661841881,,22.079138870347677,5691535,1499474,0.061692347007581465,0.08250021334828235,0.07722920728350793
2019-01-12,171773,0.0006626843761997854,2.3969440196702,,31.885468835107883,5710175,1367455,0.061289663535105406,0.08127416094887038,0.07720870288419006
2019-01-13,172538,0.00063567847831705,2.23038607524872,,23.656269586058915,5413284,1373226,0.06105337194003961,0.0825746919295179,0.07604984207410402
2019-01-14,172642,0.0006694365896520957,2.4547872849427,,31.675535395607547,5357905,1467394,0.06152810492523901,0.08403958570617762,0.07720732279007864
2019-01-15,172632,0.0006614396155038055,2.36880907517086,,25.55850963568434,5367320,1368924,0.061547515195424625,0.08443386403386088,0.07724969365072087
2019-01-16,172583,0.0006698136851213673,2.41600897044403,,1.2765515022288783,5331866,1276629,0.06142252127723115,0.07282356011855991,0.07730285325766154
2019-01-17,172263,0.0006840765229849348,2.49012687889437,,-5.133332694097477,5866799,1388928,0.06144123324635301,0.07082798392481325,0.0774664224783069
2019-01-18,172573,0.0006756346895698132,2.4386539123829,,-1.2054133522073875,5816697,1423949,0.06143397176623319,0.0700316132982428,0.0760472966196965
2019-01-19,172687,0.0006669277161417072,2.45916387566383,,-8.649005085634558,5587437,1319214,0.06143089691449502,0.06810545342318786,0.07502464997950266
2019-01-20,172408,0.0006579223963082076,2.327935843506,,-9.523105464763008,4690585,1019936,0.061196509531356025,0.06833317205290738,0.07501208506793558
2019-01-21,172411,0.0006592486929242705,2.33085510053739,,-9.7295651425629,4953262,1166754,0.06119777278865408,0.06832652059718637,0.07462204599814631
2019-01-22,172692,0.0006793675377969728,2.43030716554108,,-12.695123057884924,5019651,1234961,0.061275950591629984,0.06726544643539288,0.0748647539453901
2019-01-23,172658,0.0006791773276886674,2.41236575368745,,-13.257808563341248,5631968,1560459,0.06125140595758193,0.06726393346813092,0.073661268503104
2019-01-24,172519,0.0006812761704323092,2.43051332640365,,-2.2565611416788744,5518593,1511009,0.06125658272136294,0.06416511190852885,0.07351476948447919
2019-01-25,172559,0.0006812384785985329,2.42612899498259,,-5.431495936301134,6015649,1590086,0.06124873501543388,0.06388025110539576,0.07315059007161863
2019-01-26,172559,0.000675744066132724,2.4036486157303,,5.564716906128401,6027251,1581372,0.06103381893717931,0.059941974315806626,0.07295359420661152
2019-01-27,171657,0.0006642910135577814,2.35000527640945,,-10.530822679961007,6191302,1748037,0.06092033146228577,0.05381439591718952,0.07203018452189468
2019-01-28,172369,0.0006482612351529855,2.22681138555844,,-16.17094044787298,6336534,1705330,0.06102253858775513,0.05449828871586368,0.07166865445256389
2019-01-29,172566,0.0006632760265781902,2.25236849267898,,-15.000182941365395,6117863,1581561,0.06101708595094665,0.05458707336103947,0.071477964219347
2019-01-30,172527,0.0006724240655694247,2.31172391532772,,-8.24301715950126,6184354,1406658,0.06103231625327797,0.05419456663198912,0.07149908324931219
2019-01-31,172414,0.0006717399415546444,2.29072161243491,,-12.860453529903584,6382021,1467838,0.06100592678708414,0.05351958103443339,0.07138449587395825
2019-02-01,172144,0.0006719011945335588,2.31473313718656,,-18.990057068758123,5852127,1461673,0.06100551337884027,0.05098278045582504,0.07043318704816533
2019-02-02,172568,0.0006906980418169945,2.39115180653758,,-9.488936839720855,5970364,1463477,0.0610707861400423,0.049629848168582895,0.07013742978647867
2019-02-03,172658,0.0006871761923015439,2.34534719853619,,-13.053407462010561,5363373,1208149,0.06088470851759023,0.04949734565757471,0.0688037168325296
2019-02-04,172568,0.0006926288704684889,2.36282579065474,,-11.54002333144521,5290268,998046,0.0596636060326066,0.04953545979728679,0.06554281967653403
2019-02-05,172586,0.0006888807133539513,2.36042566133341,,-17.31994410832134,4838584,844750,0.059534815897694326,0.047715361351925376,0.06469810442874109
2019-02-06,172445,0.0006879837258672037,2.31678957586819,,-15.487494444603072,4814211,823466,0.05904536769557079,0.047339286983892996,0.06447041867410523
2019-02-07,172453,0.0006892414673820861,2.31507496817042,,-16.539398815418096,5193626,889468,0.058996672683686927,0.047235716836689305,0.0633276227689982
2019-02-08,172527,0.0007421238273003167,2.68090720106626,,-7.338093334896177,4802863,795924,0.06006006402523661,0.054250668262996876,0.06563225723962768
2019-02-09,172326,0.0007576733418938405,2.74373831911797,,14.403598286905517,4737997,780513,0.059791095303811145,0.04163904792998092,0.06532217508057057
2019-02-10,172235,0.0007623724993313886,2.77657768856347,,16.872285717069218,4348230,722795,0.059783457607367,0.04157503113063253,0.06477339233635589
2019-02-11,172580,0.0007577969928338949,2.72095988931263,,13.517873883721812,4392491,910158,0.05975891222504358,0.041825123359348924,0.06413240319024016
2019-02-12,172667,0.000811721204976807,2.91237651288612,,30.57723706248248,4643305,966978,0.05996460254422203,0.040823062654463296,0.06458700525915646
2019-02-13,172627,0.0007916042005644943,2.8308442025188,,15.319328068984914,5004493,998760,0.058042381698003284,0.03789307062345566,0.06467005835801103
2019-02-14,172632,0.0007651363535616474,2.72535171328733,,15.051556575565423,5141407,945013,0.057859664916397574,0.037980819769082935,0.06492554665079431
2019-02-15,172534,0.0007742462436114915,2.76019321914599,,14.24598388965018,4878958,907648,0.05779387556816452,0.03790636470915871,0.05759395249032329
2019-02-16,172417,0.0007763076479979698,2.78285797489537,,11.7556699010845,5484851,850084,0.05723160517921746,0.03760190831124713,0.05628801601829464
2019-02-17,172490,0.0007848952359145552,2.84348504688745,,16.600598077854134,4930436,814277,0.05718563235508434,0.037442786540941665,0.055745024375941844
2019-02-18,172535,0.0008861958267073042,3.4261475777269,,39.3216455248246,4621347,705048,0.05883343357289723,0.04998435189095153,0.05965096151484675
2019-02-19,172547,0.0009064508077155623,3.53102039340347,,51.680313839128765,5056510,779681,0.058804523213025386,0.04850759211667588,0.059389431804200525
2019-02-20,172665,0.0009784389476747972,3.84684409755676,,65.04003602239587,4775765,823840,0.05911476403969306,0.05016928600161424,0.06028834690367211
2019-02-21,172665,0.000960471142606662,3.73840513286903,,53.82438836848499,4435940,663356,0.059149214698331246,0.050599566345441445,0.05977509421995118
2019-02-22,172689,0.0009740376711864201,3.84579343441121,,59.419997922482416,4665507,838375,0.05917209709626354,0.05049000331082562,0.05984583409791204
2019-02-23,172676,0.0010292546460937808,4.23039213771894,,74.05344343363514,4621876,842700,0.05931143859362362,0.05251245132465313,0.05893345649929681
2019-02-24,172728,0.0009485317435932072,3.56096249599272,,46.77548074966533,4088193,775231,0.060117154972097984,0.06296413220243348,0.06331658256063745
2019-02-25,172754,0.0009248626270492104,3.53484225243213,,47.061522607710266,4557499,859549,0.06005070026672084,0.0629415669555099,0.06119122387289971
2019-02-26,172665,0.0008939893182312018,3.39373996126827,,44.41414218667339,4524447,820117,0.06010908569374688,0.0633799929005882,0.05884453066857024
2019-02-27,172481,0.0009151371177323629,3.4769554856911,,56.140547342277436,4286573,719861,0.05995435330662478,0.06216358368659186,0.058894397000429095
2019-02-28,172590,0.0009192885382961234,3.4868133680818,,54.80652386211299,4286625,644072,0.05989266887898472,0.06219969164779906,0.05888778470821435
2019-03-01,172734,0.0009220490352639508,3.5135901979363,,51.990044080942866,4179879,620590,0.05989759104905528,0.062173527570174324,0.05844311248346059
2019-03-02,172543,0.0009108381034482758,3.46996836107217,,51.47926933748123,4114884,609140,0.05988889824912839,0.062219640926004155,0.05828464955504567
2019-03-03,172681,0.0009239610423970968,3.49477349558129,,50.979542282312906,4264659,654766,0.05989341493196002,0.062228819417726025,0.05736271260709403
2019-03-04,172634,0.0008696395704266512,3.21606788699871,,34.49869130875548,4342931,727760,0.05830900611543585,0.0645626608285055,0.05747910432593845
2019-03-05,172414,0.0009694267073876361,3.7227226905802,,58.72799954325211,4132272,631915,0.059347954723604275,0.06891343858897225,0.06033949826198135
2019-03-06,172583,0.0009686181203390656,3.73111547443959,,57.90903794924704,4134411,570439,0.05930849952277804,0.06894054964977339,0.060308061990929876
2019-03-07,172737,0.0009684924843830719,3.73443260887902,,58.210134301345896,4172909,578875,0.059136925019575015,0.06892594716936436,0.05977607327613371
2019-03-08,172728,0.0009319454828818489,3.5779563673471,,54.43596624463844,4313543,733908,0.05912611756070825,0.06947482994771703,0.05980516126093536
2019-03-09,172762,0.0009522510208138026,3.72364541261623,,60.84340523793011,3842924,556818,0.05919473248703562,0.06956397438234413,0.05997371297857687
2019-03-10,172725,0.0009466539271070743,3.69565357940531,,37.85085802057831,4131609,651587,0.05919240476120988,0.06511575578685433,0.05979376483099089
2019-03-11,172572,0.0009220661392800653,3.55140128578754,,29.436588797185653,4311099,656521,0.05925987522520896,0.06571252813678342,0.054580136537667995
2019-03-12,172437,0.000936733207651494,3.61477366094014,,30.1880972331205,4047689,532774,0.05878649068769052,0.06573104211621532,0.05455778698959907
2019-03-13,172444,0.0009235594295957476,3.55751164048985,,30.744729257605858,4052143,529189,0.05874363712475769,0.06567065883575855,0.054637482130268936
2019-03-14,172563,0.0009190045993965008,3.54164454565792,,21.606685467608212,4471043,613545,0.05870398471252041,0.06475002239992056,0.053677943268015116
2019-03-15,172513,0.0009386371961577299,3.66248181080939,,29.377724409934817,4645805,655987,0.05876404171685998,0.06458568129737874,0.05253395867958939
2019-03-16,172575,0.000947108453391638,3.77876959169877,,38.65254797300285,4032771,657434,0.05828832635270857,0.06409963015366557,0.05233013216706065
2019-03-17,172575,0.000938834497369959,3.7244911686043,,34.935885747761745,3869180,616105,0.05819941742495712,0.06426492565741947,0.05238402179370811
2019-03-18,172596,0.0009299824874973233,3.6915098207825,,32.65175061337054,4144488,616501,0.05816139325205454,0.06435702984968458,0.05233624925546663
2019-03-19,172752,0.0009278811581883198,3.70796890267504,,30.402264880340258,4192890,664482,0.05770398554682307,0.06432158442141207,0.05221309113805359
2019-03-20,172758,0.000916909433080069,3.69574584393188,,7.868845695895178,4060061,674051,0.05745500403888526,0.05489865859137534,0.052229577432290494
2019-03-21,172765,0.0009086517232206601,3.61304808587941,,2.323059153925621,4381426,669819,0.057421603565022024,0.05482850530937482,0.05174873037914991
2019-03-22,172538,0.0009079137379753233,3.6170263241912,,-5.974189947326526,4803151,956264,0.057401812351111574,0.052434651562099435,0.05174903797555786
2019-03-23,172756,0.0009151754395331995,3.64402363114333,,-2.524646162500518,4749111,770449,0.05720865621781647,0.0522179654559936,0.05155098723740469
2019-03-24,172755,0.0009096687624454768,3.61199172507408,,-6.079414126747685,4579325,731720,0.05709925037475828,0.05194204676962748,0.05155792087529047
2019-03-25,172726,0.0009288618305585048,3.6302138819662,,-14.187296028693005,5473141,792136,0.057044058139759594,0.048612659121888765,0.05155827996141047
2019-03-26,172729,0.0009363359146697835,3.66834257856888,,3.0154791772448717,5110994,737409,0.056935723849036134,0.03700782019962051,0.051548340509992005
2019-03-27,172349,0.0010644933910286575,4.28672331420789,,21.27056904048355,5732425,705449,0.05814032058659827,0.04650602366351629,0.05496204928995903
2019-03-28,172683,0.0010552365171306775,4.23248767784094,,24.7145546254293,5278931,696257,0.0581458859389494,0.045802427824017035,0.05487893688754737
2019-03-29,172755,0.0010496715525688534,4.29259091906345,,23.458322567803293,5442540,703321,0.05815603579169464,0.04571110764748448,0.05424051011969369
2019-03-30,172744,0.001010097631790039,4.13320944737027,,18.538304493310793,5643712,641513,0.058218790562312536,0.046436990767754156,0.05460463326267552
2019-03-31,172730,0.001023568019826706,4.19081277816258,,19.274375839961223,5664489,645666,0.05822170259767462,0.04645984616769445,0.05456718504579971
2019-04-01,172728,0.0010156690770245012,4.20326299510344,,21.13260288646242,5273011,695804,0.05822192495735232,0.04633465579020288,0.054517971499249106
2019-04-02,172681,0.0010340159518164773,5.07052414701223,,45.08877766823177,5627873,748596,0.059855614168335375,0.056934561511534726,0.05913666107122466
2019-04-03,172630,0.0010457550638426016,5.18718313338445,,61.28960319383119,5293439,729147,0.05988052489017041,0.054016311016133446,0.05909584278050777
2019-04-04,172689,0.0010331271007852905,5.07396582887167,,36.29717415456681,5350515,771501,0.059894643511009954,0.0484662297786605,0.05912210153990317
2019-04-05,172758,0.0010607530704207023,5.33900938594787,,43.09418785141686,4983243,682568,0.06001726438890147,0.04899830390504063,0.059320605356267715
2019-04-06,172744,0.0010568915519134695,5.3313381353088,,42.76166405126614,5499396,710062,0.05998263158740556,0.04901824252112475,0.05932238916402134
2019-04-07,172718,0.0010487740587677235,5.44220600705536,,52.10375556062247,4722060,653288,0.060003282214461266,0.04793457042155223,0.05917707343628943
2019-04-08,172708,0.0010492302216365617,5.54352711135183,,48.87365731896993,5374650,766286,0.060018115788406774,0.047693747963261306,0.05914662010462034
2019-04-09,172711,0.001070463865799121,5.56167841334159,,50.49241748022696,5498514,789230,0.059034233052229795,0.04757174843404631,0.05655643053252613
2019-04-10,172743,0.0011007740002866165,5.8470270531236,,64.63999932992631,5482015,836784,0.05914103995715061,0.04691508803532133,0.05675105615565849
2019-04-11,172734,0.0010550419199298645,5.32866436262885,,47.41349977754782,5425272,862758,0.05954326119108855,0.05099062754841915,0.05836111334875052
2019-04-12,172732,0.0010588194593804795,5.38183259356583,,51.28081472207865,5470702,777992,0.059525635349395596,0.05070283587018897,0.05821842468725758
2019-04-13,172748,0.0010485151018682637,5.32099467998795,,50.240788181623856,5088175,636693,0.059404022688316335,0.050804090611846695,0.057810352688435034
2019-04-14,172736,0.0010765203156687577,5.55140431364965,,51.57493198369817,5279225,621271,0.059487556315340535,0.050949421643640316,0.05773483215364089
2019-04-15,172740,0.001061503073580252,5.35305144912305,,41.661229117612095,5694528,688411,0.059550102002459214,0.05164509223328173,0.05771217989339091
2019-04-16,172753,0.0010600410508405495,5.51853444405416,,48.16881539612169,5246057,645589,0.05958809641113974,0.05151391168435677,0.05776517588346765
2019-04-17,172723,0.001041012743225288,5.44069925660253,,47.3841197976076,5393934,750646,0.059597837594498465,0.05160116139711121,0.05785949687303024
2019-04-18,172685,0.001039012055736494,5.48442756704392,,47.909211511652366,5679894,852582,0.05959901553546852,0.05158508977398649,0.05784474208687473
2019-04-19,172664,0.0010353837070398077,5.47712930330355,,48.200918964613315,5018033,659747,0.05959435895786643,0.05156480691188839,0.053073771913719966
2019-04-20,172574,0.0010242678247698903,5.4429318340846,,50.64653734769765,4644984,621723,0.05959365336710025,0.05125926105726371,0.05302225544740604
2019-04-21,172741,0.000986311039540535,5.22324073719298,,44.407042388914434,4698471,637041,0.05967164210742662,0.05218995861640944,0.05236615756285035
2019-04-22,172758,0.0009734610920115505,5.2409198031624,,43.82233304886763,5201596,677169,0.05966918405280635,0.0522081135060413,0.05217984456860643
2019-04-23,172748,0.0009319131005898416,5.16733020215856,,43.06041086106255,5291919,717105,0.05967815900819427,0.05229052972629122,0.05215482990652751
2019-04-24,172753,0.0008770920334548667,4.76431824645591,,31.240703753671273,5490741,745248,0.05998253922286542,0.05498397104999229,0.05194764673126241
2019-04-25,172763,0.0008825707725270944,4.52553446860763,,23.36728022749621,5367466,805281,0.060101772089878394,0.05607947049342733,0.04720345588274972
2019-04-26,172751,0.0009007287538073884,4.63890139670479,,8.21555432163402,5333723,714113,0.06013058044905754,0.04871038954950096,0.04725446313203232
2019-04-27,172766,0.0008936935206655774,4.6309480237059,,9.414329732159358,5277825,801008,0.0599981669932607,0.048632027088785876,0.046888015690366096
2019-04-28,172769,0.0008925523678017329,4.5954572562805,,7.05556021823595,5160814,813901,0.06000032660722587,0.04862325218832089,0.046849335951841944
2019-04-29,172770,0.0008608232016954632,4.43220692551542,,7.234026776344119,5257374,823508,0.06003778501024639,0.0485768021591701,0.04714462135908069
2019-04-30,172754,0.0009050090168903276,4.76633696179313,,13.732996774026335,5218435,776082,0.06028514820432184,0.05021779322371062,0.047970276383807554
2019-05-01,172406,0.0008849161655907453,4.7034845716231,,11.900791768261696,4508793,761390,0.06027794793061097,0.05031998425080686,0.04797523554651686
2019-05-02,172733,0.0008712752734105715,4.69890027195111,,-7.329101771068318,4314735,734888,0.06027511292804238,0.03642317914548809,0.047980750817382234
2019-05-03,172748,0.0008819608408039961,4.99051402295714,,-3.791443358950591,4468292,732984,0.06037472136043511,0.03793097124296691,0.04708241096235374
2019-05-04,172781,0.0008485575828636355,4.90017602022744,,-3.4251276911511392,4253422,658401,0.06038591847940698,0.037865470633369695,0.04350697044154588
2019-05-05,172740,0.0008431538031414347,4.82988152345928,,-9.53599864103257,5129962,670563,0.06028913103281538,0.0366257483152488,0.04357549115032113
2019-05-06,172736,0.0008522716568548514,4.85086468085331,,-9.012248749959662,5133135,692179,0.06028066768196232,0.036651246354864296,0.04357318704045709
2019-05-07,172575,0.0008257857570754153,4.8108171570314,,-11.601708006007463,5786685,710419,0.06025204122393632,0.036384735970556296,0.04316591882353366
2019-05-08,172646,0.0008180892407069503,4.85274224476707,,-12.461107390819762,5422652,655347,0.060228231247660705,0.03621922793405063,0.042924622222974544
2019-05-09,172676,0.0007821589327666238,4.81038728664548,,-13.508352530665576,5193503,616595,0.06022924044956916,0.03619758666639516,0.042930675415065095
2019-05-10,172707,0.000754784568292018,4.79851533842726,,-17.932390344187045,5165513,594400,0.060229241497396765,0.03469104843045863,0.042547877407037436
2019-05-11,172618,0.0007757447743164884,5.68239475032511,,6.638256111175857,5108717,562975,0.061542510502720166,0.043955400727068696,0.04751073948647385
2019-05-12,172643,0.0007672102542372877,5.32645169079551,,-1.0290342891105544,5086530,575144,0.061663918921833,0.045580647347774395,0.04832858648777757
2019-05-13,172431,0.0007101051117368856,5.53804282908938,,4.07908975962219,4805953,556950,0.060943462725746717,0.046084204517730716,0.04848298177485112
2019-05-14,172652,0.0007586562937199252,6.03553390576635,,8.720849081850055,4998091,570827,0.06125526521924533,0.04807039413975504,0.04942584482421954
2019-05-15,172572,0.0007929343317561624,6.51411954464425,,21.68983628415171,4961553,596971,0.0614723934285212,0.049291427245203974,0.05011746025053231
2019-05-16,172710,0.0008252412951272098,6.48810615149612,,17.56936949966138,5243000,572983,0.061471000155160264,0.049116340668452836,0.050052292482416876
2019-05-17,172735,0.0008210208368638199,6.01555454987354,,10.565834760548437,5117729,559215,0.061742676840507646,0.05119737245633674,0.051190673362609226
2019-05-18,172734,0.0008112434649858464,5.90421984906723,,7.654258842725054,4927787,530046,0.061051256416936914,0.05134528749463505,0.051305893167968374
2019-05-19,172723,0.0007939169181581723,6.52579286148146,,19.14622606308391,5021426,535677,0.06096292739882392,0.05433911875892809,0.052647219276627424
2019-05-20,172620,0.0007840848992371597,6.25789086574932,,14.972795113128228,5116787,546744,0.06098763269416304,0.05499889953155369,0.052904855546999974
2019-05-21,172611,0.0007901818428013973,6.30866049523085,,20.780580728530325,5347092,552178,0.060765238514043585,0.05431390758128321,0.05289451776271113
2019-05-22,172630,0.0007766969631717011,5.95563628649807,,13.637233733368834,5091165,530834,0.06093312538641599,0.0555530622768409,0.05359419604464733
2019-05-23,172638,0.000766192934100911,6.05098670248845,,17.100832843249652,5080030,567882,0.06036890903836286,0.055480508542227136,0.05355615065835718
2019-05-24,172693,0.0008013020289471586,6.40007972997952,,34.33358980039638,4760000,473061,0.06045655091589307,0.05373742050897545,0.053903007438497734
2019-05-25,172703,0.0007934055020363527,6.39611125812992,,41.33383145124535,4709314,511211,0.06026417869443573,0.05252733730100607,0.05391847217179142
2019-05-26,172728,0.0007942177157251857,6.93473180525151,,49.49082147289328,4804066,491710,0.060420419096985874,0.05399245685373252,0.05127009501504153
2019-05-27,172675,0.0009166988856770195,8.08233855080345,,74.52881158306732,5483488,609936,0.06112552426906588,0.059607577072817504,0.05450236950086819
2019-05-28,172597,0.0009218612644119611,8.03782437911248,,74.9080435494723,5086664,545722,0.060806355539594126,0.059575916061203334,0.05454097911252914
2019-05-29,172684,0.0009225242038977153,7.98489764346964,,80.15624671091093,5172885,485453,0.06068343920672508,0.05887850307350969,0.05422039304407046
2019-05-30,172706,0.0008862125164908333,7.33041491545008,,53.7955661593075,5159796,526020,0.06104914119717057,0.0610084704814922,0.055630394300645786
2019-05-31,172705,0.0010002637439288635,8.55847883721945,,81.96038930060847,5205541,641862,0.06198458487937615,0.06591146596246063,0.05870866013749023
2019-06-01,172745,0.0009142752047157718,7.82144822260309,,66.45273936310664,5202585,537899,0.06196131043472042,0.06882869075383663,0.05547539235163095
2019-06-02,172753,0.0008860763099439615,7.74816469963115,,55.25784846988483,4864157,545877,0.06176994175789207,0.06849392191547231,0.05547823505846428
2019-06-03,172720,0.0008216328993605817,6.71553538355415,,37.046819457772266,5096815,542789,0.06220828211328182,0.07411916571371222,0.05864827751174169
2019-06-04,172715,0.0008146321043403964,6.23188617607877,,29.027723471265183,5603629,553088,0.06128035491273767,0.07562144022459232,0.05920986660991339
2019-06-05,172730,0.000825019693538185,6.43395276570822,,32.635173087871635,5827642,556935,0.0609929551225295,0.07573662719943532,0.059327937012661695
2019-06-06,172737,0.0008167117202377371,6.35133291837534,,32.021914594953,5658361,488760,0.06091725404380095,0.07577869855470203,0.05931860293915512
2019-06-07,172723,0.0008299441572506292,6.65943049779334,,37.23025378021064,5537268,462641,0.06062539946325253,0.07609703489529075,0.05956676966057158
2019-06-08,172718,0.0008048116761722744,6.39004789518039,,32.83853283331965,5520864,468567,0.06059020818760548,0.07661169657541068,0.05984124332704243
2019-06-09,172691,0.0008033029912414824,6.13246785289602,-57.11391887867676,27.799275825717594,5334606,464195,0.06057052578090958,0.07714300311132004,0.05976655706704538
2019-06-10,172674,0.0008036167489054898,6.42355179906678,-44.55972947794418,13.043040501529138,5365628,504535,0.060449038806783935,0.07135438105700606,0.058763952232495295
2019-06-11,172708,0.0008005453281760937,6.34230725524142,-46.0928194983871,19.071900458637046,5793926,596186,0.06020506983112505,0.07024952312090868,0.05879221421201929
2019-06-12,172696,0.000787664856056371,6.41691349058203,-35.725602632677806,15.86969780869612,5554180,505283,0.06019621852314326,0.0699819052652882,0.058773819635553726
2019-06-13,172699,0.0007859759801439445,6.47076524019746,-35.560993414459084,7.21114885984304,5573213,583289,0.06016481294342856,0.06829398810046529,0.05855221853021607
2019-06-14,172735,0.0007544738640303492,6.56241730214307,-41.58532137400988,0.7414318568735688,5314705,549910,0.06016602406194015,0.06690001064802158,0.05834544498693617
2019-06-15,172743,0.0007816505125741459,6.91806415801832,-35.11258495754247,6.626864550035988,5331132,546248,0.05780108383250161,0.0675754257901971,0.05859163548346765
2019-06-16,172741,0.0007786031028819476,7.02262392792963,-33.498801418739035,16.741089615374875,5323042,541471,0.05741333056047871,0.06598631489012123,0.05856110870045712
2019-06-17,172722,0.0007634380166632284,7.13094790630076,-30.88227851184453,20.777140563750052,5759862,594205,0.057198132587689944,0.06585451597837462,0.058576622400505325
2019-06-18,172717,0.0007462012423246975,6.75098169340512,-36.43983004044752,3.4507505325956425,6203142,674110,0.05705320842763611,0.06429898819164526,0.059068825881378406
2019-06-19,172714,0.0007406488527266727,6.87696583434997,-35.449383575697844,9.892709570711277,6205714,720162,0.05693672021161329,0.06384863865158465,0.059086024293490455
2019-06-20,172688,0.0007168357455749298,6.84342999000084,-34.1932537955257,8.47675184255452,6443681,708078,0.056941774670578614,0.06385797069524514,0.05880155888137703
2019-06-21,172635,0.0006992263415018147,7.05063924469543,-32.13650968804379,18.385994468463828,6621105,672658,0.05673126260009271,0.06300032980939642,0.058892069895581343
2019-06-22,172534,0.0006947314552893077,7.42341070727057,-13.384110137301422,22.68099522046074,6047776,558767,0.056834390946038794,0.06353412022172505,0.05914096701731387
2019-06-23,172549,0.0006670142473817655,7.20003706581539,-14.831446209123822,12.499177660063761,6163201,515904,0.056215941484922614,0.06318525668307363,0.058229080004651226
2019-06-24,172460,0.0006543336495575355,7.20042286755851,-10.545986124156096,12.575009673358187,5934995,617378,0.056185537828380774,0.06318370463623403,0.057732637831702675
2019-06-25,172550,0.0006082830337578458,7.13288733764435,-14.399055850655445,2.857436133907606,6301396,631471,0.05541095485584054,0.06152268486647613,0.05773059397717024
2019-06-26,172597,0.0005216999198615326,6.71086640849578,-11.888843818688963,-16.968753952670486,6335618,656037,0.05468360210546236,0.05536961925293889,0.0583886088695089
2019-06-27,172358,0.0005278254603823259,5.86403416062741,-26.807697492209908,-27.044510006140438,6071408,639726,0.055669422306496526,0.06014674999944638,0.06114500085548518
2019-06-28,172630,0.0004990732437171232,6.16765093223543,-16.26753516220864,-22.75854735245636,5797399,620048,0.0557727333788275,0.06116888340465009,0.06120189760237121
2019-06-29,172601,0.0005294133247480143,6.32349886463673,-18.767929187042903,-13.736139937878628,5942852,524943,0.05563907217456553,0.05968639019864876,0.06062144853955151
2019-06-30,172637,0.0005293770455806783,5.73983240082636,-29.1657183325604,-32.933965135664636,5894569,493403,0.05608354374317531,0.0538538652511321,0.06198633166896794
2019-07-01,172647,0.0005673269669101794,5.99639172357646,-26.27725350741084,-23.333997069141564,5345126,549144,0.055848833439648,0.05280933193598626,0.06220212639898826
2019-07-02,172635,0.0005441762315187662,5.8586466472369,-34.39183176198178,-24.386653170707646,5733906,624435,0.05554386094507047,0.05287464272513343,0.0618574252295182
2019-07-03,172517,0.0005067554173199677,6.05675336273062,-31.139714477260295,-9.809821305339831,6046160,535559,0.05557206665641682,0.04696774222048108,0.061919389664859305
2019-07-04,172588,0.0005112687942119876,5.71445661924099,-35.69625560908472,-8.302936578398109,6441256,539195,0.055758192445148055,0.04619133807867701,0.062390125899232776
2019-07-05,172548,0.0005222072354047114,5.74344358813285,-34.97249538097088,-10.732269923640974,5413532,501656,0.05556220126506053,0.04575184637069749,0.06239049768123532
2019-07-06,172454,0.000513166656053169,5.75168765171145,-33.16735949438823,-9.441250747996987,6491294,457059,0.05546252709801723,0.04572803175146455,0.06237378930234578
2019-07-07,172352,0.0005198102430743531,5.95504158385589,-32.15831329237888,-10.5773145942563,6760752,455959,0.0555066458636689,0.045301714239582506,0.06250481505042908
2019-07-08,172339,0.0004847117015471471,5.97146536654992,-31.27252403291098,-6.550538204043513,6447119,489568,0.05543404489169926,0.04475267809106269,0.06248446322766072
2019-07-09,172316,0.00046846369753253576,5.8928552654576,-23.898418066805455,-3.9072783288258783,6665527,644175,0.05355834476564713,0.04420331108852928,0.0625177186100665
2019-07-10,172031,0.00043484094592645243,5.26452494198433,-26.502937152415946,-18.04339551291287,5307317,422637,0.05426278611469957,0.047691243865095136,0.06041308630361461
2019-07-11,172368,0.00041361991674484036,4.67170378574425,-34.48578754577424,-26.340626561675123,5396791,402130,0.055041537706504585,0.05195284923949915,0.06178600937211639
2019-07-12,172653,0.00040687312112956973,4.80652389120102,-28.645769048699087,-25.09601542462035,6545373,681622,0.0547781047878701,0.052285244363118266,0.061682241481038194
2019-07-13,172718,0.00041797387840201706,4.7426815304121,-30.593136814151904,-26.70601769092501,5978299,507275,0.054361141489110525,0.05217784199072862,0.06059339728262234
2019-07-14,172660,0.00040229586043571985,4.13683882251345,-40.46754552620635,-36.9616616553401,6962898,475300,0.05528287868755281,0.05679814613820512,0.06202933895035347
2019-07-15,172637,0.0003953808408930114,4.32008142069391,-41.37222040990091,-37.55360861048451,7569610,481949,0.05535053989586719,0.056432690708986724,0.06237562739921556
2019-07-16,172694,0.0003872154864713417,3.66737241738566,-54.46333394834113,-47.77774724914176,7314208,555032,0.056694802946676684,0.062223601389071154,0.0650083174970332
2019-07-17,172677,0.00039770693678347426,3.8477678673577,-56.32068832143028,-46.041284862593216,7914514,542215,0.05677095327973498,0.0631729879862023,0.06539600646925653
2019-07-18,172626,0.0003862147253270583,4.12473104922819,-52.117370953166656,-38.90175923217885,5909587,570239,0.05698853634076878,0.06490398519522875,0.0646610119767235
2019-07-19,172478,0.0003839052202882034,4.04336760883738,-51.78530762040025,-41.20419228141228,6472677,553384,0.05685025100512101,0.06456952247622261,0.06452561514920803
2019-07-20,172301,0.00040015421334680106,4.34673458455778,-44.65581971384477,-36.483099981895975,5938605,489996,0.0570840580906816,0.06660575377710666,0.06531350156865533
2019-07-21,172478,0.00040902964004973635,4.33150383415021,-46.16352687521512,-38.56579972647118,5398554,446561,0.05701398069518815,0.06610602416084208,0.06496469741141678
2019-07-22,172426,0.0003991317362370901,4.11846513753924,-47.48140677858978,-44.52058090352497,6031040,498066,0.05714878221466,0.06511566760706856,0.06516191481410077
2019-07-23,172416,0.0004200661661521256,4.14464539315677,-47.69947665715205,-42.4357769929425,6141361,508184,0.057148335414026356,0.0652506303325364,0.06466776702615266
2019-07-24,172497,0.000465095750774064,4.55458387147255,-46.91420501383768,-36.745605706114596,5124627,493127,0.05755118892794571,0.0683655930283131,0.06598065365889562
2019-07-25,172481,0.00046223615796785997,4.5748375946655,-46.64763992169853,-35.86275265387341,5993169,472209,0.057543217770598586,0.06845322364094894,0.065012871529392
2019-07-26,172499,0.00046961415299818783,4.61945203046029,-44.32609632361773,-31.16459560851657,5785234,454481,0.0575115682179249,0.06802401328527406,0.06157325833403052
2019-07-27,172515,0.00045018511477885084,4.25275114204146,-49.57527874155132,-27.477381175650486,5458421,414749,0.05771295186688113,0.06540184639550475,0.062294618292196624
2019-07-28,172339,0.0004442340578502529,4.23345674549694,-48.96659109912827,-31.360305698063435,5460206,410763,0.05771313398927929,0.06439038968757363,0.062297428503333786
2019-07-29,172567,0.0004424398150630221,4.20501831310496,-49.673468151605164,-33.50171474496615,5734030,495630,0.05769340899439284,0.06401283314978497,0.061516407084116036
2019-07-30,172695,0.0004382799914430082,4.20271470076046,-45.765973490287365,-26.779835938146952,5516635,467604,0.05768660941069357,0.062079906481378934,0.05763692829233977
2019-07-31,172661,0.00043948787352643864,4.42081028610188,-39.50037296998013,-26.275492164391945,5795869,517335,0.057791640659129805,0.0622985181108405,0.05726144416932551
2019-08-01,172594,0.000414528074986875,4.31121924594244,-40.366613669662506,-26.41271089500285,5817102,576005,0.05779022337190957,0.062312930707182565,0.05729680989221633
2019-08-02,172388,0.000396708309443878,4.1772172859706,-40.617854026442416,-31.032072204317934,5321771,732648,0.05782415424441636,0.06187572923675801,0.05464868159812259
2019-08-03,172557,0.00039560368698195197,4.2766426699336,-40.43045938903098,-25.16099158870445,4950683,511507,0.05784316067647012,0.06158808005358738,0.05408139624035351
2019-08-04,172637,0.00038559079214142374,4.23629668084273,-39.16987287914392,-26.241171940892727,4638321,461410,0.05785012403692498,0.06152542026043757,0.05384954702137061
2019-08-05,172480,0.0003779697961333059,4.45627294409406,-36.69202726322855,-22.522341025106453,5350007,483397,0.05793396582937899,0.0624924984903354,0.05435293330032951
2019-08-06,172718,0.00036590326031416605,4.17989479713067,-40.72271148022963,-29.80914174533459,4528097,439620,0.05815228685441755,0.06273666055734303,0.05440482451817119
2019-08-07,172706,0.0003528301994659946,4.22241551277234,-35.71309946506045,-29.290128074344224,4949861,464346,0.05715278870963326,0.06280996378198639,0.05427249826364525
2019-08-08,172741,0.0003494535803186235,4.17185882745251,-24.859416138453934,-29.204797343201815,5139148,446424,0.057141999410295824,0.06280922488281006,0.054091063117720835
2019-08-09,172701,0.0003283961505753584,3.89423356895053,-33.12572120564634,-26.028775400146614,5322539,463388,0.05738300454341955,0.06085060530101905,0.05423042916382729
2019-08-10,172726,0.000359095461600092,4.05911834392625,-22.372543082565848,-13.112677299603426,4883450,437969,0.05743444236953335,0.057894011599441624,0.054606182215705776
2019-08-11,172329,0.00036394089090630255,4.19630952879026,-16.748137700889444,-12.695544144237761,4578852,418231,0.05727034192254445,0.05799505056306769,0.05480460662222703
2019-08-12,172686,0.0003625749315489441,4.12780546230959,-17.42141359297285,-12.964734489542721,4493044,478917,0.057241823914191484,0.05801403016328988,0.05477977671061129
2019-08-13,172533,0.0003744718275737663,4.06940585567356,-11.494677765856853,-1.6300602883754445,5521601,460305,0.05717630768436681,0.052444071189532086,0.0547128390869514
2019-08-14,172447,0.000364245150241755,3.65133165045944,-18.801904799291943,-15.480026997432205,5257629,517567,0.05776191607240908,0.05530489172655697,0.05562922398907959
2019-08-15,172506,0.00035167610532730345,3.62581084423452,-21.437576827793915,-1.1332793188417944,5249437,413236,0.05776328297086466,0.04655658790529104,0.05552967795402717
2019-08-16,172550,0.00034663562305557277,3.59576290093497,-19.96881476376509,-6.549380708763611,5268786,511705,0.05774817573749381,0.045664780555513894,0.0554235043330883
2019-08-17,172431,0.0003484125155689089,3.55630074604107,-35.1982572153846,-13.781027087656621,4969391,417494,0.05606318278797676,0.04362196869253985,0.05513060585716886
2019-08-18,172539,0.00035811091989475767,3.69975491923664,-27.398701535017384,-8.498180794883032,4749366,395725,0.056095580568765326,0.04426422652363913,0.05538587596858778
2019-08-19,172280,0.00034164559543820033,3.71868582039956,-29.66232934793018,-14.44874886977059,5388191,482890,0.05573054244612233,0.04196198641924386,0.0554175343296574
2019-08-20,172593,0.000341667171397143,3.68023116626768,-22.180249282112584,-15.03571722014421,5121865,506811,0.05569521793233914,0.041971240426839966,0.05516824920656923
2019-08-21,172501,0.0003469703587312253,3.50330080481602,-28.56255838884396,-14.9367376481127,5569694,585486,0.0557743281776438,0.04192870972483957,0.05477043172689674
2019-08-22,172441,0.0003600816469863032,3.64392347313535,-22.64955045672725,-12.08117637393449,5486088,601756,0.05539181903811858,0.04267396080334857,0.05512267093554209
2019-08-23,172580,0.00035362157664090975,3.6826660816767,-24.784861799892795,-19.143742093697554,5472853,648178,0.05388648719711917,0.03853996818954437,0.05517628037817216
2019-08-24,172686,0.00036141791930578303,3.66733912653124,-27.39673153377912,-19.83673626343482,4928837,503794,0.05388451444539332,0.038483244192693056,0.05518327368563319
2019-08-25,172685,0.0003511925509233039,3.54717006223307,-29.64786681543915,-23.212319581558162,4997492,468756,0.05385585049078169,0.038626322272695836,0.05487392614118328
2019-08-26,172624,0.00034562264484357824,3.58156424448648,-27.409384027152445,-15.78241649081748,5496906,570214,0.05383054772832646,0.036132859188242834,0.05244514421792175
2019-08-27,172342,0.0003485945441234336,3.54458656331679,-33.58785980317094,-16.272049617913076,5735620,577038,0.05383589586888751,0.036141983691259934,0.05187609639678337
2019-08-28,172504,0.0003350256020368367,3.25805696734507,-45.11236963020224,-22.51979124106737,5932942,783974,0.054198711308270815,0.03887285178574366,0.05256841674205893
2019-08-29,172340,0.00033690818446291117,3.19466843113347,-48.03692879017964,-23.985598390597133,5977936,663599,0.05421023772500089,0.038894440648168965,0.051364014023462454
2019-08-30,172312,0.0003352104893286523,3.21053840505644,-46.95306367269932,-27.37669799697776,5453075,612364,0.05420878463812437,0.03733894474138724,0.0509215976299443
2019-08-31,172502,0.00034649293790904795,3.32807314432779,-48.24391388124234,-22.80436334895171,5392956,627353,0.05392044226346962,0.0381793184898321,0.05124128407048871
2019-09-01,172439,0.0003350119498319062,3.27070041201111,-50.80807434474001,-21.701453668787444,5408383,531562,0.05281148357022049,0.037972588126456014,0.050942559319248334
2019-09-02,172266,0.00032103886074186146,3.33152889251527,-49.491534619786385,-22.099432904760402,5767174,693320,0.05283032564372967,0.03783715612504159,0.050680840792521525
2019-09-03,172468,0.0003159400137143578,3.35489797458628,-48.1181251818887,-20.805877696014264,6191815,849178,0.05283326230627641,0.03793916410870289,0.0506905240756411
2019-09-04,172400,0.0003124077795122524,3.30441240039556,-48.91919330214927,-25.848069859030325,6117979,716184,0.05274999975180895,0.036313720897227175,0.0506781207651069
2019-09-05,172342,0.0003097044127327862,3.27672988899121,-37.95246834371333,-21.607359801482236,5630504,625583,0.05266638246047185,0.03484890393756505,0.05034848963111169
2019-09-06,171971,0.0003112539303985641,3.215517583196,-38.100233257915036,-23.846490865964874,5812950,684847,0.05268133112005827,0.034727413968606194,0.050333318919560305
2019-09-07,172458,0.00034157179154925397,3.58462754543822,-28.823247077709148,-14.076010390142446,6051555,657204,0.05322624720086488,0.04082917665775759,0.0526217293794582
2019-09-08,172641,0.0003623653899786832,3.77123287855308,-20.340133993615023,-3.1585339764455362,5531012,617263,0.05334435159523106,0.04021896809131241,0.051338042728540666
2019-09-09,172569,0.0003783718782181596,3.90951397770508,-20.845940510879135,-3.6856369670775004,5831126,695061,0.053396811923275785,0.040031821055036776,0.04937756128238965
2019-09-10,172333,0.00037338944270816327,3.76598796820067,-24.888111226726277,-10.254762134137565,6393366,659582,0.05347038985579352,0.040010666992703135,0.04939923370120957
2019-09-11,172509,0.00036865484136569353,3.73895198430459,-24.616259186309556,-9.420344092171165,6178492,791740,0.05341524316025447,0.039943772215536376,0.049385958603320665
2019-09-12,172642,0.0003593978463878089,3.7389451686945,-24.14702736503812,-8.120612656963976,5635679,769389,0.05336421755480484,0.03989374702408475,0.04621110583097339
2019-09-13,172508,0.0003605287448952753,3.72979199394771,-31.52608347079271,2.1488144874048216,5553639,484666,0.05335360590455706,0.03455739921711364,0.045831423786455404
2019-09-14,172533,0.0003899290805533075,4.04101165921875,-23.15106340357754,11.451254155865568,5681313,602932,0.05368233545198601,0.03742998074772567,0.041929383698580625
2019-09-15,172664,0.0003948930163149309,4.06983442663116,-24.642062142303676,13.184170891048518,5668198,636314,0.05368379292293832,0.037366271171246024,0.041492400133435595
2019-09-16,172674,0.0003973583359077512,4.07603138256338,-24.688469942714338,14.614361203868425,5575534,645107,0.05368307970235924,0.037260738301586105,0.040504585045753314
2019-09-17,172459,0.00040101032177336494,4.08854532044135,-15.930225137882811,10.508544746659263,5672552,678850,0.05365526705707591,0.03666973999195471,0.04042348519678145
2019-09-18,171972,0.0004021444886989761,4.08631838005676,-19.543586906398374,9.88608818847995,6070150,690979,0.053655336348354815,0.036674823727495254,0.03929766589556366
2019-09-19,172536,0.00038619457587444256,3.96559753633232,-24.015147664587115,7.754033841141707,5440474,660476,0.053701489586682416,0.03709624216743907,0.039474262363662894
2019-09-20,172266,0.00039389626971979123,4.00597434582752,-30.229134384073898,14.348569221360318,6795842,441300,0.05370174223675073,0.035800957224145134,0.038972149927339474
2019-09-21,171755,0.00040170427108782755,4.01158198645094,-34.79072385401135,10.08963322161222,6808333,488695,0.05370074040022393,0.03519106469663944,0.038962763266685844
2019-09-22,170546,0.0003794336908523521,3.81217540481267,-35.78233593583873,3.5167272911424305,7174203,407999,0.053832573821655655,0.03651630999875164,0.03745316711927994
2019-09-23,171460,0.0003809587494135405,3.69253450800687,-38.89138456766569,0.6870207691826247,7717736,549433,0.05260612539302572,0.03700299386505455,0.037624662695560265
2019-09-24,172779,0.0003300925018343651,2.84330829239929,-49.71505102128911,-19.842910192771363,6048653,562593,0.0560700297964389,0.06024931363008571,0.050180680496286205
2019-09-25,172697,0.00034034416353991064,2.86711288769426,-46.689805086516536,-19.948025723454734,5579845,504454,0.05606230871200999,0.060237004416217724,0.04925396214189059
2019-09-26,172770,0.00034432419413204477,2.78616646307294,-49.8305496898199,-21.396574373237208,5348270,459937,0.05603387033888489,0.06036010068155016,0.04933531735382227
2019-09-27,172778,0.0003464767974181004,2.83652919058381,-51.23424066573078,-12.93801124370011,5948450,550988,0.05604120447874312,0.05877049982202513,0.049439849037820234
2019-09-28,172761,0.00034550353807686577,2.83381276837656,-50.66002646286575,-11.295559164769973,5470134,481774,0.05603995900553764,0.05870471104523865,0.049439031828631776
2019-09-29,172768,0.00034561086128304233,2.78718157725669,-51.51673378070368,-13.186474490788957,5509773,505653,0.054213900065838476,0.058723237127121165,0.04888012734240557
2019-09-30,172767,0.0003570933852415173,2.95757791781925,-48.15600141336649,-11.132424392174025,5852960,532309,0.05438056337505362,0.059432610502681414,0.049580853734739416
2019-10-01,172746,0.00035418633478663254,2.94490048226267,-48.28502011055825,-9.96116698894198,5641509,457293,0.05436210152740724,0.059378445128353975,0.049469922857344126
2019-10-02,172709,0.00035984064564549936,3.00917845794846,-46.34977900783769,-9.675750832928811,3992812,301567,0.05424335834483342,0.0594215377902956,0.049451131283651376
2019-10-03,172669,0.00035567491468306177,2.9358616433561,-47.36208509092167,-12.490285379896083,3650154,269826,0.05426680282479276,0.05951181982919317,0.04950881256752538
2019-10-04,172765,0.0003694836559556424,3.01708757255264,-47.60011700296661,-8.695186708793528,6215789,504811,0.05428560754248742,0.05975249844348286,0.04914593406828142
2019-10-05,172720,0.0003674478836024656,2.99162607719976,-48.19958240432008,-8.70086401534987,4121148,411252,0.05426250284229607,0.05975269259888217,0.048563645861179956
2019-10-06,172704,0.0003702135755935485,2.9078831837536,-48.982522966431425,-9.567181378514904,3491170,240803,0.05429198354583179,0.05986500165625155,0.048607173441669975
2019-10-07,171401,0.0003891594120772689,3.20123444147288,-44.01044493919178,-10.695479491397773,3767118,247849,0.054653714239101495,0.05909381825567492,0.050361195080724765
2019-10-08,172659,0.00038588337711562725,3.16042928176004,-46.18763281072798,-16.196390317518365,4200609,389404,0.05424570061165368,0.05820457581884334,0.049660420632779465
2019-10-09,172463,0.000377783716657099,3.24830979007159,-44.654433228808145,-16.91269532233833,4778653,644334,0.054284488669666224,0.058012266864426204,0.049477753641244016
2019-10-10,172119,0.00036309629324040216,3.11467281980874,-46.59926984652476,-17.29466885957997,5677034,797501,0.054359488110710244,0.058103822833255235,0.04947890266421128
2019-10-11,172745,0.0003703384207781516,3.0700514495555,-39.16899487017264,-17.890054153062344,5964837,867043,0.05425946178860782,0.05812254608468354,0.049471605935911864
2019-10-12,172727,0.0003694939972428464,3.07557571278233,-39.91107644361631,-17.742155233150786,6051172,1113321,0.054203969985986346,0.058130487228964876,0.049463770709386325
2019-10-13,172780,0.00037497926458788134,3.10904707178773,-40.037499178761294,-16.64288311968216,5570442,423914,0.054155882366141675,0.058212922735028275,0.04758482420388863
2019-10-14,172773,0.00037856886914155264,3.15967526047741,-37.74103804963326,-21.80979598835726,5962085,841360,0.05416865025447142,0.05607833738558463,0.047643013623141404
2019-10-15,172790,0.0003628414191650333,2.96104455117018,-44.628932692802,-27.244102811789084,5701971,688885,0.054358162593605236,0.05693589490222232,0.048320045899397
2019-10-16,172779,0.0003662668814063166,2.93154734819556,-45.004957758768036,-28.078391134664514,5574924,992767,0.05436014590167422,0.05689013094823208,0.048317426573292015
2019-10-17,172780,0.00036542598335454076,2.9498973706428,-44.64015486855335,-27.849708406207302,7413730,941535,0.0543645481718351,0.056920114053510995,0.04800811350056726
2019-10-18,172778,0.0003621992653780123,2.88286420097113,-45.33986896519273,-29.450817757105686,5679507,574487,0.054310728655942726,0.05692705797484655,0.04805700084627491
2019-10-19,172790,0.0003603308644008109,2.86408170959423,-45.71086739387783,-27.776793198153282,5606921,518614,0.054308943093176375,0.056827186768989846,0.048051210898904025
2019-10-20,172795,0.0003557235805828362,2.92180998931661,-44.9583528288839,-27.063686956461332,5196213,455659,0.05433057778087492,0.056980357971465896,0.04778050018877159
2019-10-21,172789,0.00035628803752253983,2.92571428754563,-45.44554204342384,-27.0683162546051,5506166,603152,0.05401569120371771,0.05697990134782942,0.04745995957830772
2019-10-22,172792,0.00036000125140684585,2.89052398203986,-45.70411347778723,-24.17652193047764,6140228,620246,0.053896982319582884,0.05646766384200995,0.047434967210206284
2019-10-23,172788,0.00036259519041827604,2.70424793164595,-49.48890313261043,-26.764450656261317,6122989,1026004,0.05406897115053304,0.05729807621959052,0.048118040712167166
2019-10-24,172733,0.00036800802186683865,2.74326837681729,-48.34098290881024,-3.518433644688694,4529831,434799,0.0540843154552741,0.032326227429201077,0.04803717481722493
2019-10-25,172669,0.0003670330519149875,3.17727856919442,-40.29331291927233,10.818049154304349,4369231,318825,0.0552230048487718,0.042140311934527434,0.051828842520412755
2019-10-26,172671,0.0003391636908966454,3.13714433493689,-41.20921871604753,12.597160884523984,4579757,288599,0.05516968667115575,0.041821565760371555,0.051836115445310735
2019-10-27,172702,0.0003494670371555437,3.3402604733703,-37.441634352020934,17.758720215490282,4438077,314234,0.05509949813408818,0.043117970740803535,0.051354705751119306
2019-10-28,172706,0.0003558809163342263,3.31651765653996,-38.202797611086744,17.033760788647044,5116193,730351,0.05509436369378169,0.04316432816170567,0.05129722173164733
2019-10-29,172483,0.0003608678934403964,3.40341984740335,-33.06256984910627,22.10972816321492,4958648,412911,0.05513330112535611,0.043119734106534836,0.05139807753290615
2019-10-30,172776,0.0003564095516477002,3.27285725662183,-35.73499439337734,10.660051824942254,6666420,546471,0.05500619398395741,0.04271678488587074,0.051445785747572116
2019-10-31,172778,0.0003562554006801553,3.26161698241218,-37.25621727146024,10.754743736065604,5863443,489090,0.05499331460258125,0.042711772770668156,0.0513986489589561
2019-11-01,172572,0.0003622418373018515,3.3512373573208,-35.97404968761894,11.36718556750344,8130507,5618374,0.055029078738789525,0.04280450812337431,0.05146369458644377
2019-11-02,172659,0.00035697996926317,3.31998183932019,-37.650910033051595,13.08372950180946,10596145,10359203,0.055029703549667526,0.04254666924292936,0.0514699019792174
2019-11-03,172722,0.00035572260410370965,3.27607665982535,-37.950509091618,8.584075902496577,8306462,10558942,0.05503412974620742,0.04242911565379887,0.05146132459652337
2019-11-04,172544,0.0003652128954914975,3.43970657408737,-37.32578946756585,14.977824277659218,5085306,11596011,0.0551589676744114,0.04318650366114364,0.05183326425264968
2019-11-05,172571,0.0003886605631899383,3.62650901708462,-33.32310624926906,24.71302277017167,4650268,14059648,0.05530737540227205,0.04358953417276689,0.0521980956660341
2019-11-06,172256,0.0003866318874684272,3.61691555073659,-36.55155769351453,12.9850255226061,4853047,13471134,0.05530739318633365,0.04025777899804063,0.05028600988437023
2019-11-07,171295,0.0003770263705349785,3.47269497219716,-38.13934259071612,9.880483396332144,4128970,14284108,0.053883464771066085,0.040976033141066265,0.05011185773270057
2019-11-08,171106,0.0003883863704401242,3.41443427832245,-37.52957497763655,5.11418242061201,4374242,15831337,0.053693941901160856,0.04086945265157213,0.04990804362030761
2019-11-09,171572,0.00039610759995680416,3.4900187265713,-34.52325047623964,12.050893576218657,4286313,15637986,0.053635433215460535,0.04017415967278633,0.04978724534641271
2019-11-10,171413,0.0003960839110346208,3.58174352470486,-33.21674059530507,16.667214981802534,4048478,15383955,0.05326673315434073,0.04021886349574489,0.04990402673941178
2019-11-11,171342,0.0003941309110353512,3.43414457932319,-35.8107612515043,11.658593383041103,3767445,17342274,0.05301356720120054,0.041132071813424015,0.050188697747918974
2019-11-12,169923,0.0003949814677270445,3.47147558709685,-35.012552537493036,11.657221873476512,4011126,22901811,0.053024369649418125,0.041131998264991275,0.05021326871016353
2019-11-13,170446,0.00039562688814270976,3.46835388378118,-32.48881135109766,9.769314814242342,4298056,24987289,0.05274815303994114,0.04107140405105745,0.04906508814616811
2019-11-14,169592,0.00039306999867133797,3.39826143984347,-24.61199760864158,14.765630206425143,4286104,31539365,0.05275118194058549,0.03929446480426898,0.04910194690399098
2019-11-15,168468,0.00039352780984028426,3.33155838385429,-27.564062463549476,13.645047756262457,4300714,28307122,0.052195326246724696,0.039460684040929665,0.04914589685250787
2019-11-16,169597,0.000397781888587678,3.3722716356584,-24.73431926310419,14.318269822504446,4284299,29618164,0.05212988607401476,0.03948561110934197,0.049179995453772614
2019-11-17,170368,0.00039882417124403603,3.39206387616408,-25.063441899718313,17.66297819444354,4146113,29919161,0.05212740092496049,0.03914393855397465,0.049192802921527876
2019-11-18,170561,0.00038862816417703115,3.18035156697024,-29.85926120383018,11.042626902596906,3938970,33750813,0.05216970348986143,0.04113142266555986,0.049710420040721605
2019-11-19,170789,0.0003832896688522543,3.11109350772982,-22.397195571071958,6.47829664164718,3970330,34823959,0.05216757895722533,0.04126572465774603,0.04973231477910185
2019-11-20,170323,0.00038074944676610994,3.0751437186024,-14.877831823381293,5.107451253626191,3768130,33438617,0.05197785322944647,0.04134166812610688,0.0497358198361611
2019-11-21,169129,0.00036979744614199157,2.81500077439349,-25.25125586347256,-2.6127860594006456,3712567,34953226,0.052355599083594676,0.04444695448443724,0.05055686429598531
2019-11-22,170096,0.00035995980641827924,2.61961622859693,-25.636114085374988,-3.1295837211756106,3736462,33088498,0.05220142610979606,0.044728017152692284,0.05117767184165632
2019-11-23,170577,0.00036714752102326583,2.68929544485637,-24.23199645970092,-1.9674681637798306,3767722,35419144,0.05088867606434715,0.044922041503236164,0.03880208531276794
2019-11-24,170608,0.0003518731184116671,2.44318900376324,-23.301152577771784,-23.10435013626469,3560571,34651403,0.051327516483556684,0.038895563081669665,0.04067173847733033
2019-11-25,169718,0.0003556791314511994,2.53920921329822,-22.866387511240156,-19.05985373321048,3649235,35053484,0.05143779082681296,0.03983054645245747,0.04086897839287783
2019-11-26,170845,0.00036516947581199645,2.61659913992791,-15.53549141021369,-21.664817435995364,3596830,32582443,0.05116469749334421,0.03827146159424124,0.04099639921378141
2019-11-27,169502,0.00035675146400657956,2.68521968592881,-9.298817675421779,-19.034964863409385,3675182,35509580,0.04978731158812014,0.03877293111672941,0.041146907586304356
2019-11-28,170253,0.0003531811546957981,2.62637386999751,-18.624482139265826,-22.83132884703278,3647627,35903966,0.04940604276309826,0.038356737117020895,0.041189145600487614
2019-11-29,171266,0.00036023107849092706,2.7909760307639,-6.428992780852292,-14.723563787664762,3623822,34052218,0.0496558886592565,0.03992421918729037,0.041225487638071025
2019-11-30,170104,0.0003645822247023212,2.75485391716252,-3.146434815719554,-15.537172757632492,3441002,29415840,0.048580639654783556,0.03994710512455834,0.0412528402390831
2019-12-01,170289,0.0003756805230323639,2.78669563646894,-4.241572301570455,-16.84576950715277,3061171,31129029,0.048312985112501775,0.03960614967328107,0.04117916710478843
2019-12-02,169927,0.0003668335432208839,2.6846025127697,-4.446258493759602,-19.138036209276144,2700778,37114367,0.048297318160513525,0.04001129495736454,0.041333139890431
2019-12-03,169761,0.0003692039848039179,2.69756906409505,5.341350971118124,-17.658548800904462,2243819,36601447,0.04829886468259521,0.04005083225627717,0.041169401951499
2019-12-04,168732,0.00036514055153354997,2.63449650803613,9.309688488609781,-23.409266130930945,2258544,35685187,0.048160563846631615,0.03876974597142171,0.04125729133293799
2019-12-05,168789,0.0003627027131768826,2.68548236913409,23.866996979845272,-25.948553926581138,2122866,36134303,0.048117917605937324,0.03738108740457003,0.04120080060992582
2019-12-06,170802,0.0003616103381617559,2.72444763136977,47.19591816854577,-24.674834312486723,2092394,37383019,0.04806172369751419,0.037625824822577064,0.039228807143914336
2019-12-07,171400,0.0003629369452288052,2.72640461784176,58.94465213461396,-21.490236266942414,2181196,37582552,0.04791193944169616,0.03719716082534885,0.039208431587556755
2019-12-08,171208,0.0003647663428911813,2.74630400792725,51.91615468289066,-19.567817563132596,2138542,36725842,0.047916550578623734,0.03726075801453236,0.03903397045098321
2019-12-09,171515,0.00036146206029738666,2.65321374041349,33.29999278941047,-23.97709157795587,2152769,36652423,0.04795216160741721,0.037161300427081385,0.03891774189116085
2019-12-10,171436,0.0003599408418641257,2.60312520508239,37.30684001487672,-27.3224007490349,2163491,36116261,0.04795333782406974,0.03660044773511513,0.038946023153701465
2019-12-11,171639,0.00035733617447020503,2.57298641954111,42.022071578005374,-25.076351326821523,2058433,34836934,0.0479343448327865,0.03611743556937042,0.03895808562437149
2019-12-12,171437,0.00035864092969730896,2.57965006123113,32.55739530231868,-25.690099310522367,2134852,37356641,0.047740786204622424,0.03598794428394277,0.03892313518195709
2019-12-13,171050,0.0003612634216007397,2.61731870707202,44.01099981491707,-24.537149472803105,2100229,37394524,0.04773959232753967,0.03622965271687642,0.03890982596978247
2019-12-14,170894,0.00036320028993847426,2.56822814538226,42.38678918782185,-24.42523358354214,2075183,38366789,0.04772450393305191,0.03621509968719324,0.038116885621579916
2019-12-15,170716,0.00036025278369432794,2.56186081850113,37.418992250092145,-23.10322907992069,2167793,35938015,0.04758299701110052,0.03618028965535275,0.03810369991492653
2019-12-16,170503,0.00034335685211335124,2.36311775528074,25.256841742415304,-29.925047250253122,2215119,37621489,0.04787887459304134,0.03824606065062401,0.03940803054727046
2019-12-17,170129,0.00033115006290295417,2.18855817534604,-8.257946277276847,-35.48004237995146,2353848,39982461,0.048168738722977736,0.03986586479399283,0.04045116881797197
2019-12-18,168094,0.00033796102410817424,2.46191948869389,-6.207953077659941,-22.58970629969578,2374895,40314332,0.048975765625259626,0.04548738424305492,0.04342059356685449
2019-12-19,167885,0.0003431667052424006,2.45232680331838,-0.6514980953552207,-21.17476388204561,2294914,40647149,0.04878695326028107,0.04542242130970154,0.043320391605121675
2019-12-20,167117,0.00034600584967594167,2.48578185888789,-7.660222160594488,-19.165343595139834,2272349,41850287,0.04877447568649829,0.04558409705798444,0.04336939757431894
2019-12-21,168271,0.0003418971009968601,2.44124719031026,-5.119178783083257,-13.277210702144748,2305601,41810136,0.048780817010598145,0.04299402446234637,0.04339817649346352
2019-12-22,166680,0.0003387690472116063,2.53379002743313,-1.870207392517808,-3.276289107804483,2135648,40498218,0.04888628886377695,0.04171137006185981,0.04287795484675147
2019-12-23,168284,0.00034300194424694317,2.51137404756665,-9.782925678197886,-6.615911153607826,2131138,44342582,0.04871133227705857,0.04140879185228957,0.042841249889479516
2019-12-24,169895,0.00035040881522639195,2.53542821467571,-8.832813086020675,3.7753612500053815,2084108,43421849,0.04774741304392038,0.037469989582668874,0.03819816238298152
2019-12-25,169931,0.00034443595716989297,2.47689895693573,-0.3911564172679594,-2.453923687585955,2059002,44084609,0.04758796665122304,0.03704641963483097,0.038265087459972986
2019-12-26,169855,0.0003493087161009648,2.51315037679067,-2.0394743594743074,-3.953557943158613,2163810,43499970,0.047557557544772935,0.036707964265517944,0.03733623711779307
2019-12-27,170232,0.00035467128796855035,2.56680947035978,12.730502003169242,-4.409703093922921,2083654,43431519,0.04709719645916409,0.0365963051958587,0.037483516734676696
2019-12-28,169869,0.0003604753446287762,2.63386476463871,0.27624875145404626,0.2852181377058518,2130803,43889326,0.04701353912735608,0.036709944001948186,0.037482470853730056
2019-12-29,169833,0.0003636363142224635,2.68784636980455,1.1848757656717193,-3.6951109512439273,2073457,45297748,0.04702891931465918,0.03511091423943843,0.03733072419603379
2019-12-30,169966,0.0003623082894597091,2.61927049735891,-1.1540456962351329,-4.9216192175903135,2084803,45427794,0.04697132755596604,0.035336362262235126,0.03744421048231444
2019-12-31,169904,0.0003593252888209654,2.57542629810478,2.223862060391714,-7.581356772491386,2081903,46529284,0.046809044900490905,0.03535128706879905,0.037261882302386154
2020-01-01,169575,0.0003613034828081144,2.59077426812875,-1.4463854945839225,-3.4950516582861844,2162795,49812169,0.04681008969935425,0.0347646947300009,0.03727961539110564
2020-01-02,169172,0.00035297484141763916,2.45205454773104,-14.184146852703103,-9.101324582633891,2185941,48081597,0.046959577755096876,0.03609983069597361,0.03783856546729307
2020-01-03,169094,0.00036045345527194503,2.63682853530896,-0.1894595526489612,0.0885188978507553,2072261,46674790,0.04722187920008092,0.03842350485462958,0.03853187466456013