date,value
11/5/2019,37513711
10/5/2019,37439814
9/5/2019,37371043
8/5/2019,37290470
7/5/2019,37188347
6/5/2019,37066852
5/5/2019,36995377
4/5/2019,36917843
3/5/2019,36813669
2/5/2019,36740759
1/5/2019,36646882
30/4/2019,36566166
29/4/2019,36465812
28/4/2019,36376473
27/4/2019,36292480
26/4/2019,36187524
25/4/2019,36102750
24/4/2019,36006873
23/4/2019,35905549
22/4/2019,35845342
21/4/2019,35789267
20/4/2019,35729730
19/4/2019,35680549
18/4/2019,35606050
17/4/2019,35542072
16/4/2019,35509713
15/4/2019,35458867
14/4/2019,35417184
13/4/2019,35385785
12/4/2019,35316460
11/4/2019,35256896
10/4/2019,35179532
9/4/2019,35090021
8/4/2019,35018635
7/4/2019,34973552
6/4/2019,34939536
5/4/2019,34893526
4/4/2019,34845001
3/4/2019,34795309
2/4/2019,34708834
1/4/2019,34660975
31/3/2019,34627637
30/3/2019,34584690
29/3/2019,34549831
28/3/2019,34518557
27/3/2019,34487434
26/3/2019,34468363
25/3/2019,34440956
24/3/2019,34420035
23/3/2019,34400960
22/3/2019,34377269
21/3/2019,34344857
20/3/2019,34325345
19/3/2019,34294094
18/3/2019,34260767
17/3/2019,34223905
16/3/2019,34201486
15/3/2019,34187178
14/3/2019,34160884
13/3/2019,34132002
12/3/2019,34104676
11/3/2019,34085840
10/3/2019,34061861
9/3/2019,34035621
8/3/2019,34016834
7/3/2019,33974721
6/3/2019,33949463
5/3/2019,33930579
4/3/2019,33899574
3/3/2019,33883297
2/3/2019,33840798
1/3/2019,33780967
28/2/2019,33733170
27/2/2019,33685182
26/2/2019,33629564
25/2/2019,33590954
24/2/2019,33549518
23/2/2019,33513777
22/2/2019,33481781
21/2/2019,33419367
20/2/2019,33390979
19/2/2019,33348715
18/2/2019,33321937
17/2/2019,33294132
16/2/2019,33268757
15/2/2019,33246763
14/2/2019,33209938
13/2/2019,33196926
12/2/2019,33176105
11/2/2019,33139376
10/2/2019,33121583
9/2/2019,33092413
8/2/2019,33059746
7/2/2019,33032699
6/2/2019,33001911
5/2/2019,32980756
4/2/2019,32947450
3/2/2019,32919912
2/2/2019,32883937
1/2/2019,32865601
31/1/2019,32816146
30/1/2019,32778119
29/1/2019,32740835
28/1/2019,32710036
27/1/2019,32688146
26/1/2019,32662113
25/1/2019,32628373
24/1/2019,32613257
23/1/2019,32584478
22/1/2019,32565008
21/1/2019,32541686
20/1/2019,32509879
19/1/2019,32481287
18/1/2019,32466144
17/1/2019,32443954
16/1/2019,32371819
15/1/2019,32340470
14/1/2019,32317279
13/1/2019,32299973
12/1/2019,32265548
11/1/2019,32251969
10/1/2019,32212685
9/1/2019,32196524
8/1/2019,32178353
7/1/2019,32141320
6/1/2019,32127367
5/1/2019,32075490
4/1/2019,31978831
3/1/2019,31955907
2/1/2019,31925191
1/1/2019,31914414
31/12/2018,31884658
30/12/2018,31857891
29/12/2018,31842640
28/12/2018,31823542
27/12/2018,31780906
26/12/2018,31765705
25/12/2018,31751783
24/12/2018,31718207
23/12/2018,31692137
22/12/2018,31663887
21/12/2018,31647258
20/12/2018,31631229
19/12/2018,31600471
18/12/2018,31576966
17/12/2018,31549392
16/12/2018,31528674
15/12/2018,31499472
14/12/2018,31474495
13/12/2018,31443943
12/12/2018,31415099
11/12/2018,31390459
10/12/2018,31378935
9/12/2018,31358366
8/12/2018,31328447
7/12/2018,31298604
6/12/2018,31265684
5/12/2018,31243161
4/12/2018,31220187
3/12/2018,31188869
2/12/2018,31161278
1/12/2018,31137332
30/11/2018,31115819
29/11/2018,31094364
28/11/2018,31043047
27/11/2018,31008698
26/11/2018,30961677
25/11/2018,30932747
24/11/2018,30893557
23/11/2018,30848044
22/11/2018,30793823
21/11/2018,30733701
20/11/2018,30680119
19/11/2018,30628676
18/11/2018,30589369
17/11/2018,30547297
16/11/2018,30497749
15/11/2018,30431545
14/11/2018,30370098
13/11/2018,30327611
12/11/2018,30271670
11/11/2018,30228506
10/11/2018,30176515
9/11/2018,30105241
8/11/2018,30031462
7/11/2018,29957990
6/11/2018,29921976
5/11/2018,29893123
4/11/2018,29871910
3/11/2018,29841318
2/11/2018,29806870
1/11/2018,29770639
31/10/2018,29748790
30/10/2018,29708670
29/10/2018,29680311
28/10/2018,29659207
27/10/2018,29626751
26/10/2018,29593333
25/10/2018,29558062
24/10/2018,29532610
23/10/2018,29493113
22/10/2018,29474194
21/10/2018,29444283
20/10/2018,29409421
19/10/2018,29381766
18/10/2018,29344502
17/10/2018,29323774
16/10/2018,29294760
15/10/2018,29258687
14/10/2018,29240192
13/10/2018,29218709
12/10/2018,29189434
11/10/2018,29167077
10/10/2018,29130908
9/10/2018,29111207
8/10/2018,29080633
7/10/2018,29054029
6/10/2018,29022323
5/10/2018,28992821
4/10/2018,28964820
3/10/2018,28942535
2/10/2018,28916910
1/10/2018,28888424
30/9/2018,28869795
29/9/2018,28837177
28/9/2018,28815399
27/9/2018,28782484
26/9/2018,28754595
25/9/2018,28724040
24/9/2018,28701097
23/9/2018,28674680
22/9/2018,28651311
21/9/2018,28627579
20/9/2018,28597622
19/9/2018,28568175
18/9/2018,28533932
17/9/2018,28501675
16/9/2018,28487660
15/9/2018,28458932
14/9/2018,28433724
13/9/2018,28414053
12/9/2018,28389175
11/9/2018,28364675
10/9/2018,28342459
9/9/2018,28316824
8/9/2018,28293974
7/9/2018,28263169
6/9/2018,28247479
5/9/2018,28221242
4/9/2018,28191701
3/9/2018,28162157
2/9/2018,28134322
1/9/2018,28112529
31/8/2018,28089941
30/8/2018,28060207
29/8/2018,28034898
28/8/2018,28003510
27/8/2018,27986176
26/8/2018,27964375
25/8/2018,27942213
24/8/2018,27918218
23/8/2018,27899774
22/8/2018,27881814
21/8/2018,27858162
20/8/2018,27836591
19/8/2018,27807578
18/8/2018,27786902
17/8/2018,27763679
16/8/2018,27723977
15/8/2018,27689208
14/8/2018,27663029
13/8/2018,27628301
12/8/2018,27599581
11/8/2018,27541358
10/8/2018,27486847
9/8/2018,27418430
8/8/2018,27364218
7/8/2018,27297903
6/8/2018,27204422
5/8/2018,27143784
4/8/2018,27107957
3/8/2018,27040929
2/8/2018,27000921
1/8/2018,26960290
31/7/2018,26899919
30/7/2018,26855605
29/7/2018,26828263
28/7/2018,26771459
27/7/2018,26733709
26/7/2018,26721558
25/7/2018,26632622
24/7/2018,26565485
23/7/2018,26525530
22/7/2018,26489365
21/7/2018,26420736
20/7/2018,26384228
19/7/2018,26373894
18/7/2018,26322824
17/7/2018,26292026
16/7/2018,26280079
15/7/2018,26238161
14/7/2018,26215091
13/7/2018,26203223
12/7/2018,26145932
11/7/2018,26109542
10/7/2018,26078246
9/7/2018,26063536
8/7/2018,26008451
7/7/2018,25969620
6/7/2018,25950657
5/7/2018,25890487
4/7/2018,25854840
3/7/2018,25833559
2/7/2018,25777335
1/7/2018,25756215
30/6/2018,25738468
29/6/2018,25652764
28/6/2018,25609013
27/6/2018,25577537
26/6/2018,25552133
25/6/2018,25538545
24/6/2018,25492862
23/6/2018,25462777
22/6/2018,25446226
21/6/2018,25406196
20/6/2018,25383950
19/6/2018,25366889
18/6/2018,25358921
17/6/2018,25334160
16/6/2018,25319214
15/6/2018,25310218
14/6/2018,25279833
13/6/2018,25260072
12/6/2018,25250994
11/6/2018,25226551
10/6/2018,25215333
9/6/2018,25205491
8/6/2018,25179160
7/6/2018,25148027
6/6/2018,25128406
5/6/2018,25116579
4/6/2018,25082595
3/6/2018,25068725
2/6/2018,25057829
1/6/2018,25027274
31/5/2018,25005743
30/5/2018,24993951
29/5/2018,24963721
28/5/2018,24952172
27/5/2018,24943158
26/5/2018,24922914
25/5/2018,24906346
24/5/2018,24897595
23/5/2018,24874208
22/5/2018,24844348
21/5/2018,24832159
20/5/2018,24824087
19/5/2018,24799795
18/5/2018,24781706
17/5/2018,24773362
16/5/2018,24747604
15/5/2018,24732020
14/5/2018,24723420
13/5/2018,24700958
12/5/2018,24672471
11/5/2018,24657976
10/5/2018,24638029
9/5/2018,24622301
8/5/2018,24604449
7/5/2018,24585031
6/5/2018,24568592
5/5/2018,24547431
4/5/2018,24531095
3/5/2018,24500608
2/5/2018,24484140
1/5/2018,24457182
28/4/2018,24391577
27/4/2018,24372637
26/4/2018,24354558
25/4/2018,24334231
24/4/2018,24317104
23/4/2018,24301501
22/4/2018,24282954
21/4/2018,24267516
20/4/2018,24247834
19/4/2018,24233739
18/4/2018,24214322
17/4/2018,24198982
16/4/2018,24183999
15/4/2018,24166869
14/4/2018,24149819
13/4/2018,24131097
12/4/2018,24125030
11/4/2018,24101412
10/4/2018,24082688
9/4/2018,24069870
8/4/2018,24056184
7/4/2018,24038687
6/4/2018,24023935
5/4/2018,24003136
4/4/2018,23990517
3/4/2018,23969902
2/4/2018,23956777
1/4/2018,23938923
31/3/2018,23922469
30/3/2018,23902116
29/3/2018,23886161
28/3/2018,23868379
27/3/2018,23866247
26/3/2018,23832625
25/3/2018,23814815
24/3/2018,23797280
23/3/2018,23782053
22/3/2018,23760547
21/3/2018,23745026
20/3/2018,23723080
19/3/2018,23708988
18/3/2018,23694001
17/3/2018,23671846
16/3/2018,23651937
15/3/2018,23628176
14/3/2018,23611853
13/3/2018,23590385
12/3/2018,23573197
11/3/2018,23558131
10/3/2018,23536536
9/3/2018,23519270
8/3/2018,23497629
7/3/2018,23478965
6/3/2018,23454702
5/3/2018,23436973
4/3/2018,23415707
3/3/2018,23393072
2/3/2018,23374674
1/3/2018,23351033
28/2/2018,23329572
27/2/2018,23304446
26/2/2018,23287384
25/2/2018,23266988
24/2/2018,23246285
23/2/2018,23225033
22/2/2018,23199775
21/2/2018,23179921
20/2/2018,23154031
19/2/2018,23134321
18/2/2018,23129454
17/2/2018,23086302
16/2/2018,23078366
15/2/2018,23051069
14/2/2018,23038728
13/2/2018,22994461
12/2/2018,22991753
11/2/2018,22953139
10/2/2018,22946498
9/2/2018,22907903
8/2/2018,22883357
7/2/2018,22877387
6/2/2018,22833137
5/2/2018,22827172
4/2/2018,22783332
3/2/2018,22775834
2/2/2018,22727139
1/2/2018,22697724
31/1/2018,22694466
30/1/2018,22639297
29/1/2018,22632358
28/1/2018,22577505
27/1/2018,22573632
26/1/2018,22518982
25/1/2018,22508835
24/1/2018,22473740
23/1/2018,22448486
22/1/2018,22421059
21/1/2018,22359417
20/1/2018,22349343
19/1/2018,22280452
18/1/2018,22274018
17/1/2018,22199550
16/1/2018,22159448
15/1/2018,22154863
14/1/2018,22080990
13/1/2018,22069779
12/1/2018,22002952
11/1/2018,21942468
10/1/2018,21935758
9/1/2018,21843667
8/1/2018,21829648
7/1/2018,21747072
6/1/2018,21732800
5/1/2018,21636969
4/1/2018,21593351
3/1/2018,21580676
2/1/2018,21509704
1/1/2018,21506448
31/12/2017,21468633
30/12/2017,21400134
29/12/2017,21358221
28/12/2017,21346025
27/12/2017,21261978
26/12/2017,21249422
25/12/2017,21173119
24/12/2017,21165559
23/12/2017,21100453
22/12/2017,20997662
21/12/2017,20979889
20/12/2017,20843609
19/12/2017,20822024
18/12/2017,20693380
17/12/2017,20675865
16/12/2017,20555567
15/12/2017,20538020
14/12/2017,20390317
13/12/2017,20361642
12/12/2017,20287315
11/12/2017,20193317
10/12/2017,20068797
9/12/2017,20043920
8/12/2017,19936050
7/12/2017,19820798
6/12/2017,19746602
5/12/2017,19682034
4/12/2017,19597900
3/12/2017,19546323
2/12/2017,19479107
1/12/2017,19430457
30/11/2017,19336323
29/11/2017,19261417
28/11/2017,19190597
27/11/2017,19152189
26/11/2017,19107369
25/11/2017,19072913
24/11/2017,19046316
23/11/2017,19004440
22/11/2017,18966444
21/11/2017,18937477
20/11/2017,18889321
19/11/2017,18855103
18/11/2017,18832344
17/11/2017,18797412
16/11/2017,18757563
15/11/2017,18732076
14/11/2017,18692769
13/11/2017,18648418
12/11/2017,18630876
11/11/2017,18584907
10/11/2017,18557651
9/11/2017,18511288
8/11/2017,18484924
7/11/2017,18435363
6/11/2017,18405132
5/11/2017,18362896
4/11/2017,18325695
3/11/2017,18292760
2/11/2017,18234008
1/11/2017,18201731
31/10/2017,18130912
30/10/2017,18107092
29/10/2017,18085974
28/10/2017,18053981
27/10/2017,18019904
26/10/2017,17985489
25/10/2017,17947154
24/10/2017,17910984
23/10/2017,17882627
22/10/2017,17834066
21/10/2017,17804248
20/10/2017,17762488
19/10/2017,17736481
18/10/2017,17705898
17/10/2017,17665382
16/10/2017,17639093
15/10/2017,17605668
14/10/2017,17575874
13/10/2017,17529679
12/10/2017,17497046
11/10/2017,17478003
10/10/2017,17452385
9/10/2017,17431605
8/10/2017,17404506
7/10/2017,17385625
6/10/2017,17361174
5/10/2017,17332159
4/10/2017,17312457
3/10/2017,17300066
2/10/2017,17270016
1/10/2017,17255044
30/9/2017,17226168
29/9/2017,17205074
28/9/2017,17182806
27/9/2017,17162305
26/9/2017,17134865
25/9/2017,17118097
24/9/2017,17097854
23/9/2017,17081938
22/9/2017,17056108
21/9/2017,17032335
16/9/2017,16896609
15/9/2017,16881324
14/9/2017,16850903
13/9/2017,16829685
12/9/2017,16806025
11/9/2017,16775085
10/9/2017,16751705
9/9/2017,16720764
8/9/2017,16699899
7/9/2017,16670992
6/9/2017,16633880
5/9/2017,16608847
4/9/2017,16577787
3/9/2017,16543820
2/9/2017,16519724
1/9/2017,16483747
31/8/2017,16452279
30/8/2017,16413878
29/8/2017,16396136
28/8/2017,16362216
27/8/2017,16337365
26/8/2017,16318023
25/8/2017,16285960
24/8/2017,16264821
23/8/2017,16236142
22/8/2017,16203923
21/8/2017,16174158
20/8/2017,16141088
19/8/2017,16118648
18/8/2017,16093158
17/8/2017,16057651
16/8/2017,16030405
15/8/2017,15992082
14/8/2017,15967771
13/8/2017,15936256
12/8/2017,15913531
11/8/2017,15895133
10/8/2017,15868134
9/8/2017,15848250
8/8/2017,15818738
7/8/2017,15795255
6/8/2017,15770223
5/8/2017,15754533
4/8/2017,15738376
3/8/2017,15713084
2/8/2017,15695040
14/7/2017,15277283
13/7/2017,15265268
12/7/2017,15235621
11/7/2017,15212409
10/7/2017,15193479
9/7/2017,15157826
8/7/2017,15139904
7/7/2017,15107585
6/7/2017,15087440
5/7/2017,15063641
4/7/2017,15035619
3/7/2017,15012452
2/7/2017,14992878
1/7/2017,14968009
30/6/2017,14931956
29/6/2017,14910983
28/6/2017,14885151
27/6/2017,14864429
26/6/2017,14833004
25/6/2017,14816623
24/6/2017,14789322
23/6/2017,14764640
22/6/2017,14727682
21/6/2017,14710694
20/6/2017,14683513
19/6/2017,14657444
18/6/2017,14635922
17/6/2017,14613236
16/6/2017,14587846
15/6/2017,14559986
14/6/2017,14533360
13/6/2017,14504349
12/6/2017,14474934
11/6/2017,14451045
10/6/2017,14427305
9/6/2017,14401811
8/6/2017,14375398
7/6/2017,14345800
6/6/2017,14316618
5/6/2017,14290963
4/6/2017,14268112
3/6/2017,14245077
2/6/2017,14218866
1/6/2017,14191518
31/5/2017,14164776
30/5/2017,14137661
29/5/2017,14109805
28/5/2017,14086510
27/5/2017,14060114
26/5/2017,14025468
25/5/2017,13984593
24/5/2017,13948531
23/5/2017,13911418
22/5/2017,13880971
21/5/2017,13855725
20/5/2017,13831826
19/5/2017,13805977
18/5/2017,13780592
17/5/2017,13754432
16/5/2017,13728806
15/5/2017,13703661
14/5/2017,13681547
13/5/2017,13658065
12/5/2017,13634929
11/5/2017,13611433
10/5/2017,13587310
9/5/2017,13564021
8/5/2017,13542684
7/5/2017,13523985
6/5/2017,13503518
5/5/2017,13480936
4/5/2017,13459052
3/5/2017,13439324
2/5/2017,13419295
1/5/2017,13401555
30/4/2017,13386157
29/4/2017,13369326
28/4/2017,13350970
27/4/2017,13332202
26/4/2017,13313643
25/4/2017,13295023
24/4/2017,13277259
23/4/2017,13261327
22/4/2017,13245107
21/4/2017,13228570
20/4/2017,13210892
19/4/2017,13193214
18/4/2017,13174781
17/4/2017,13157931
16/4/2017,13143766
15/4/2017,13129058
14/4/2017,13112613
13/4/2017,13095200
12/4/2017,13078292
11/4/2017,13060756
10/4/2017,13044154
9/4/2017,13029552
8/4/2017,13013593
7/4/2017,12995484
6/4/2017,12976517
5/4/2017,12957995
4/4/2017,12938853
3/4/2017,12921247
2/4/2017,12905207
1/4/2017,12888060
31/3/2017,12870915
30/3/2017,12853530
29/3/2017,12836242
28/3/2017,12818152
27/3/2017,12800919
26/3/2017,12785093
25/3/2017,12767467
24/3/2017,12748358
23/3/2017,12728925
22/3/2017,12709860
21/3/2017,12691470
20/3/2017,12673511
19/3/2017,12656618
18/3/2017,12639003
17/3/2017,12619042
16/3/2017,12599825
15/3/2017,12581602
14/3/2017,12563447
13/3/2017,12545254
12/3/2017,12528656
11/3/2017,12511003
10/3/2017,12492436
9/3/2017,12473057
8/3/2017,12453478
7/3/2017,12433044
6/3/2017,12413383
5/3/2017,12393892
4/3/2017,12373763
3/3/2017,12352066
2/3/2017,12331325
1/3/2017,12309173
28/2/2017,12284096
27/2/2017,12259730
26/2/2017,12237328
25/2/2017,12212766
24/2/2017,12189249
23/2/2017,12165897
22/2/2017,12142735
21/2/2017,12119410
20/2/2017,12096833
19/2/2017,12076602
18/2/2017,12054884
17/2/2017,12032820
16/2/2017,12009557
15/2/2017,11987965
14/2/2017,11965919
13/2/2017,11943593
12/2/2017,11922903
11/2/2017,11901993
10/2/2017,11880316
9/2/2017,11857977
8/2/2017,11835231
7/2/2017,11811899
6/2/2017,11788875
5/2/2017,11766900
4/2/2017,11744910
3/2/2017,11722629
2/2/2017,11699453
1/2/2017,11676600
31/1/2017,11653093
30/1/2017,11631342
29/1/2017,11611762
28/1/2017,11591356
27/1/2017,11570337
26/1/2017,11549342
25/1/2017,11527544
24/1/2017,11505686
23/1/2017,11482516
22/1/2017,11462398
21/1/2017,11442446
20/1/2017,11421609
19/1/2017,11398826
18/1/2017,11375964
17/1/2017,11353117
16/1/2017,11331053
15/1/2017,11310109
14/1/2017,11288454
13/1/2017,11265681
12/1/2017,11240523
11/1/2017,11215879
10/1/2017,11190916
9/1/2017,11166355
8/1/2017,11143505
7/1/2017,11120224
6/1/2017,11093917
5/1/2017,11064485
4/1/2017,11037425
3/1/2017,11012695
2/1/2017,10992405
1/1/2017,10980042
31/12/2016,10961809
30/12/2016,10939859
29/12/2016,10916410
28/12/2016,10893168
27/12/2016,10871791
26/12/2016,10853500
25/12/2016,10837759
24/12/2016,10818540
23/12/2016,10795676
22/12/2016,10772741
21/12/2016,10751122
20/12/2016,10730121
19/12/2016,10709127
18/12/2016,10691889
17/12/2016,10673581
16/12/2016,10654351
15/12/2016,10632616
14/12/2016,10609307
13/12/2016,10584824
12/12/2016,10584824
11/12/2016,10538568
10/12/2016,10513322
9/12/2016,10485871
8/12/2016,10456219
7/12/2016,10425918
6/12/2016,10394132
5/12/2016,10364680
4/12/2016,10339653
3/12/2016,10314020
2/12/2016,10285343
1/12/2016,10256870
30/11/2016,10229895
29/11/2016,10202673
28/11/2016,10176271
27/11/2016,10154293
26/11/2016,10130285
25/11/2016,10103701
24/11/2016,10076772
23/11/2016,10049437
22/11/2016,10021491
21/11/2016,9994601
20/11/2016,9971346
19/11/2016,9946870
18/11/2016,9919854
17/11/2016,9891997
16/11/2016,9864913
15/11/2016,9838510
14/11/2016,9812599
13/11/2016,9790842
12/11/2016,9769214
11/11/2016,9746096
10/11/2016,9722320
9/11/2016,9697458
8/11/2016,9672050
7/11/2016,9649024
6/11/2016,9628505
5/11/2016,9606933
4/11/2016,9583811
3/11/2016,9559978
2/11/2016,9537568
1/11/2016,9515530
31/10/2016,9494407
30/10/2016,9475770
29/10/2016,9456182
28/10/2016,9435917
27/10/2016,9414977
26/10/2016,9394920
25/10/2016,9374635
24/10/2016,9355461
23/10/2016,9338686
22/10/2016,9320717
21/10/2016,9300889
20/10/2016,9282480
19/10/2016,9263916
18/10/2016,9245471
17/10/2016,9226751
16/10/2016,9210781
15/10/2016,9194097
14/10/2016,9176966
13/10/2016,9157725
12/10/2016,9145528
11/10/2016,9126826
10/10/2016,9108907
9/10/2016,9091440
8/10/2016,9073828
7/10/2016,9054910
6/10/2016,9035936
5/10/2016,9017643
4/10/2016,8999227
3/10/2016,8982024
2/10/2016,8966606
1/10/2016,8951582
30/9/2016,8935190
29/9/2016,8918780
28/9/2016,8902585
27/9/2016,8886648
26/9/2016,8871122
25/9/2016,8856888
24/9/2016,8842084
23/9/2016,8827132
22/9/2016,8811616
21/9/2016,8796190
20/9/2016,8780464
19/9/2016,8765726
18/9/2016,8751604
17/9/2016,8738021
16/9/2016,8724302
15/9/2016,8709911
14/9/2016,8695382
13/9/2016,8679314
12/9/2016,8664649
11/9/2016,8651037
10/9/2016,8638044
9/9/2016,8622584
8/9/2016,8608331
7/9/2016,8594507
6/9/2016,8581092
5/9/2016,8567518
4/9/2016,8555129
3/9/2016,8543378
2/9/2016,8531200
1/9/2016,8518439
31/8/2016,8504950
30/8/2016,8491403
29/8/2016,8478843
28/8/2016,8467464
27/8/2016,8455634
26/8/2016,8442686
25/8/2016,8428792
24/8/2016,8415070
23/8/2016,8401982
22/8/2016,8389115
21/8/2016,8376577
20/8/2016,8364568
19/8/2016,8351388
18/8/2016,8338537
17/8/2016,8325833
16/8/2016,8313574
15/8/2016,8301680
14/8/2016,8291140
13/8/2016,8279883
12/8/2016,8267543
11/8/2016,8254418
10/8/2016,8241749
9/8/2016,8229264
8/8/2016,8217306
7/8/2016,8206927
6/8/2016,8195575
5/8/2016,8183832
4/8/2016,8171299
3/8/2016,8156634
2/8/2016,8144534
1/8/2016,8133328
31/7/2016,8123646
30/7/2016,8113706
29/7/2016,8102635
28/7/2016,8091577
27/7/2016,8078936
26/7/2016,8066462
25/7/2016,8055026
24/7/2016,8045809
23/7/2016,8036289
22/7/2016,8026140
21/7/2016,8015050
20/7/2016,8003788
19/7/2016,7992529
18/7/2016,7982245
17/7/2016,7972942
16/7/2016,7963235
15/7/2016,7953019
14/7/2016,7942210
13/7/2016,7930745
12/7/2016,7917882
11/7/2016,7905647
10/7/2016,7893747
9/7/2016,7882776
8/7/2016,7870956
7/7/2016,7859275
6/7/2016,7846764
5/7/2016,7835149
4/7/2016,7824850
3/7/2016,7815620
2/7/2016,7805180
1/7/2016,7794814
30/6/2016,7784628
29/6/2016,7773839
28/6/2016,7762999
27/6/2016,7752577
26/6/2016,7742281
25/6/2016,7732453
24/6/2016,7715094
23/6/2016,7703745
22/6/2016,7692841
21/6/2016,7681746
20/6/2016,7670138
19/6/2016,7659937
18/6/2016,7649266
17/6/2016,7637271
16/6/2016,7625562
15/6/2016,7613302
14/6/2016,7601460
13/6/2016,7589736
12/6/2016,7579535
11/6/2016,7570086
10/6/2016,7559711
9/6/2016,7549230
8/6/2016,7536971
7/6/2016,7525984
6/6/2016,7514984
5/6/2016,7504310
4/6/2016,7486653
3/6/2016,7476162
2/6/2016,7464378
1/6/2016,7451927
31/5/2016,7434197
30/5/2016,7420737
29/5/2016,7403194
28/5/2016,7387064
27/5/2016,7376376
26/5/2016,7363557
25/5/2016,7346565
24/5/2016,7334930
23/5/2016,7317059
22/5/2016,7307727
21/5/2016,7298025
20/5/2016,7286044
19/5/2016,7271336
18/5/2016,7260044
17/5/2016,7248646
16/5/2016,7237633
15/5/2016,7227274
14/5/2016,7215311
13/5/2016,7201956
12/5/2016,7187239
11/5/2016,7171822
10/5/2016,7156897
9/5/2016,7143125
8/5/2016,7130242
7/5/2016,7116743
6/5/2016,7102517
5/5/2016,7087522
4/5/2016,7071613
3/5/2016,7055278
2/5/2016,7039303
1/5/2016,7025904
30/4/2016,7012014
29/4/2016,6997552
28/4/2016,6982399
27/4/2016,6968497
26/4/2016,6955905
25/4/2016,6942443
24/4/2016,6931980
23/4/2016,6921588
22/4/2016,6910345
21/4/2016,6898727
20/4/2016,6887695
19/4/2016,6876507
18/4/2016,6865867
17/4/2016,6855579
16/4/2016,6845236
15/4/2016,6834277
14/4/2016,6822736
13/4/2016,6810402
12/4/2016,6797060
11/4/2016,6784740
10/4/2016,6773053
9/4/2016,6762082
8/4/2016,6750120
7/4/2016,6737269
6/4/2016,6724479
5/4/2016,6711189
4/4/2016,6688655
3/4/2016,6672479
2/4/2016,6661126
1/4/2016,6648664
31/3/2016,6635323
30/3/2016,6612101
29/3/2016,6599711
28/3/2016,6586048
27/3/2016,6575816
26/3/2016,6565396
25/3/2016,6554362
24/3/2016,6543081
23/3/2016,6530896
22/3/2016,6518812
21/3/2016,6506740
20/3/2016,6494510
19/3/2016,6484014
18/3/2016,6472713
17/3/2016,6460381
16/3/2016,6444611
15/3/2016,6408681
14/3/2016,6384808
13/3/2016,6374543
12/3/2016,6364167
11/3/2016,6354076
10/3/2016,6343080
9/3/2016,6331643
8/3/2016,6319893
7/3/2016,6308115
6/3/2016,6296865
5/3/2016,6285946
4/3/2016,6274533
3/3/2016,6263101
2/3/2016,6243315
1/3/2016,6227655
29/2/2016,6215834
28/2/2016,6203933
27/2/2016,6189910
26/2/2016,6177728
25/2/2016,6165717
24/2/2016,6154038
23/2/2016,6142217
22/2/2016,6130000
21/2/2016,6118023
20/2/2016,6106627
19/2/2016,6094406
18/2/2016,6083614
17/2/2016,6071809
16/2/2016,6059096
15/2/2016,6048149
14/2/2016,6038500
13/2/2016,6028433
12/2/2016,6018211
11/2/2016,6004822
10/2/2016,5990418
9/2/2016,5974030
8/2/2016,5963049
7/2/2016,5953042
6/2/2016,5943298
5/2/2016,5932993
4/2/2016,5922158
3/2/2016,5911166
2/2/2016,5900031
1/2/2016,5889715
31/1/2016,5879958
30/1/2016,5869723
29/1/2016,5842613
28/1/2016,5832080
27/1/2016,5821858
26/1/2016,5811068
25/1/2016,5800319
24/1/2016,5790790
23/1/2016,5780498
22/1/2016,5769550
21/1/2016,5758594
20/1/2016,5748099
19/1/2016,5737505
18/1/2016,5727557
17/1/2016,5718538
16/1/2016,5708925
15/1/2016,5698571
14/1/2016,5687111
13/1/2016,5647934
12/1/2016,5626227
11/1/2016,5607033
10/1/2016,5555945
9/1/2016,5545336
8/1/2016,5528591
7/1/2016,5516648
6/1/2016,5494195
5/1/2016,5478743
4/1/2016,5464819
3/1/2016,5454997
2/1/2016,5445725
1/1/2016,5439181
31/12/2015,5428667
30/12/2015,5416587
29/12/2015,5404163
28/12/2015,5393406
27/12/2015,5380917
26/12/2015,5368911
25/12/2015,5356882
24/12/2015,5343955
23/12/2015,5330509
22/12/2015,5317902
21/12/2015,5300870
20/12/2015,5289744
19/12/2015,5276188
18/12/2015,5260152
17/12/2015,5247121
16/12/2015,5234373
15/12/2015,5221808
14/12/2015,5208921
13/12/2015,5194282
12/12/2015,5177930
11/12/2015,5163651
10/12/2015,5151568
9/12/2015,5132084
8/12/2015,5117468
7/12/2015,5098858
6/12/2015,5085312
5/12/2015,5073123
4/12/2015,5060672
3/12/2015,5047389
2/12/2015,5034030
1/12/2015,5022931
30/11/2015,5011010
29/11/2015,5001270
28/11/2015,4990347
27/11/2015,4978961
26/11/2015,4967936
25/11/2015,4956487
24/11/2015,4945865
23/11/2015,4933602
22/11/2015,4921707
21/11/2015,4910696
20/11/2015,4898222
19/11/2015,4884841
18/11/2015,4873149
17/11/2015,4862637
16/11/2015,4852513
15/11/2015,4843010
14/11/2015,4833613
13/11/2015,4824260
12/11/2015,4814378
11/11/2015,4804531
10/11/2015,4793746
9/11/2015,4782986
8/11/2015,4772823
7/11/2015,4762528
6/11/2015,4750692
5/11/2015,4738010
4/11/2015,4724172
3/11/2015,4711290
2/11/2015,4698167
1/11/2015,4688287
31/10/2015,4677539
30/10/2015,4665697
29/10/2015,4653806
28/10/2015,4642084
27/10/2015,4633433
26/10/2015,4627736
25/10/2015,4619591
24/10/2015,4611251
23/10/2015,4602627
22/10/2015,4593770
21/10/2015,4584778
20/10/2015,4575077
19/10/2015,4565229
18/10/2015,4556219
17/10/2015,4547466
16/10/2015,4538391
15/10/2015,4528285
14/10/2015,4516989
13/10/2015,4504330
12/10/2015,4493934
11/10/2015,4486171
10/10/2015,4478025
9/10/2015,4449533
8/10/2015,4439625
7/10/2015,4427982
6/10/2015,4415032
5/10/2015,4407020
4/10/2015,4399506
3/10/2015,4391799
2/10/2015,4382134
1/10/2015,4372219
30/9/2015,4362605
29/9/2015,4353659
28/9/2015,4345824
27/9/2015,4339229
26/9/2015,4332591
25/9/2015,4325864
24/9/2015,4318568
23/9/2015,4311247
22/9/2015,4303881
21/9/2015,4296473
20/9/2015,4288079
19/9/2015,4280754
18/9/2015,4273816
17/9/2015,4266730
16/9/2015,4259086
15/9/2015,4251709
14/9/2015,4244070
13/9/2015,4228337
12/9/2015,4222150
11/9/2015,4215298
10/9/2015,4208444
9/9/2015,4202009
8/9/2015,4195635
7/9/2015,4189121
6/9/2015,4182841
5/9/2015,4176098
4/9/2015,4173275
3/9/2015,4166582
2/9/2015,4159985
1/9/2015,4153093
31/8/2015,4146673
30/8/2015,4140784
29/8/2015,4134777
28/8/2015,4128152
27/8/2015,4121710
26/8/2015,4113830
25/8/2015,4101954
24/8/2015,4095100
23/8/2015,4088174
22/8/2015,4065426
21/8/2015,4036635
20/8/2015,4023883
19/8/2015,4017248
18/8/2015,4017248
17/8/2015,4010440
16/8/2015,4004155
15/8/2015,3996755
14/8/2015,3991048
13/8/2015,3984562
12/8/2015,3975331
11/8/2015,3968223
10/8/2015,3961954
9/8/2015,3956107
8/8/2015,3950759
7/8/2015,3945526
6/8/2015,3939766
5/8/2015,3933656
4/8/2015,3926950
3/8/2015,3919540
2/8/2015,3912526
1/8/2015,3903592
31/7/2015,3897914
30/7/2015,3891830
29/7/2015,3885141
28/7/2015,3878394
27/7/2015,3872002
26/7/2015,3865405
25/7/2015,3859171
24/7/2015,3853422
23/7/2015,3846817
22/7/2015,3839985
21/7/2015,3833426
20/7/2015,3826491
19/7/2015,3820052
18/7/2015,3814317
17/7/2015,3809138
16/7/2015,3803686
15/7/2015,3797826
14/7/2015,3790367
13/7/2015,3751805
12/7/2015,3745241
11/7/2015,3739207
10/7/2015,3732816
9/7/2015,3723311
8/7/2015,3716621
7/7/2015,3709806
6/7/2015,3703034
5/7/2015,3696670
4/7/2015,3691609
3/7/2015,3684712
2/7/2015,3678446
1/7/2015,3672238
30/6/2015,3666010
29/6/2015,3654521
28/6/2015,3648675
27/6/2015,3643621
26/6/2015,3637953
25/6/2015,3631878
24/6/2015,3625728
23/6/2015,3619636
22/6/2015,3613832
21/6/2015,3607698
20/6/2015,3601449
19/6/2015,3595963
18/6/2015,3589704
17/6/2015,3583017
16/6/2015,3576808
15/6/2015,3571055
14/6/2015,3565797
13/6/2015,3560971
12/6/2015,3555894
11/6/2015,3551064
10/6/2015,3545295
9/6/2015,3540083
8/6/2015,3534606
7/6/2015,3529529
6/6/2015,3526054
5/6/2015,3521147
4/6/2015,3516140
3/6/2015,3511027
2/6/2015,3505036
1/6/2015,3500077
31/5/2015,3495018
30/5/2015,3490449
29/5/2015,3485729
28/5/2015,3480210
27/5/2015,3472705
26/5/2015,3467023
25/5/2015,3461126
24/5/2015,3455075
23/5/2015,3449943
22/5/2015,3444694
21/5/2015,3439189
20/5/2015,3432989
19/5/2015,3426967
18/5/2015,3421590
17/5/2015,3416442
16/5/2015,3411578
15/5/2015,3406874
14/5/2015,3401823
13/5/2015,3396825
12/5/2015,3391659
11/5/2015,3386200
10/5/2015,3380972
9/5/2015,3376484
8/5/2015,3372534
7/5/2015,3367895
6/5/2015,3360999
5/5/2015,3356144
4/5/2015,3347618
3/5/2015,3342704
2/5/2015,3338506
1/5/2015,3334318
30/4/2015,3329868
29/4/2015,3325183
28/4/2015,3320401
27/4/2015,3315533
26/4/2015,3310653
25/4/2015,3305388
24/4/2015,3299459
23/4/2015,3294361
22/4/2015,3289120
21/4/2015,3284127
20/4/2015,3279011
19/4/2015,3274244
18/4/2015,3269978
17/4/2015,3265137
16/4/2015,3260309
15/4/2015,3255153
14/4/2015,3250058
13/4/2015,3244947
12/4/2015,3239625
11/4/2015,3234996
10/4/2015,3230462
9/4/2015,3224922
8/4/2015,3219437
7/4/2015,3214524
6/4/2015,3208776
5/4/2015,3203649
4/4/2015,3199026
3/4/2015,3193831
2/4/2015,3188600
1/4/2015,3183329
31/3/2015,3177707
30/3/2015,3171970
29/3/2015,3166526
28/3/2015,3161766
27/3/2015,3157241
26/3/2015,3151518
25/3/2015,3146872
24/3/2015,3142557
23/3/2015,3138102
22/3/2015,3133429
21/3/2015,3129263
20/3/2015,3125378
19/3/2015,3121374
18/3/2015,3117033
17/3/2015,3112613
16/3/2015,3107910
15/3/2015,3103168
14/3/2015,3098868
13/3/2015,3094389
12/3/2015,3089404
11/3/2015,3084290
10/3/2015,3079550
9/3/2015,3074557
8/3/2015,3069787
7/3/2015,3065109
6/3/2015,3060081
5/3/2015,3055406
4/3/2015,3050041
3/3/2015,3044636
2/3/2015,3039526
1/3/2015,3034588
28/2/2015,3029971
27/2/2015,3025567
26/2/2015,3020872
25/2/2015,3016006
24/2/2015,3010723
23/2/2015,3005138
22/2/2015,3000013
21/2/2015,2992923
20/2/2015,2985497
19/2/2015,2977411
18/2/2015,2970780
17/2/2015,2963555
16/2/2015,2956335
15/2/2015,2950855
14/2/2015,2945869
13/2/2015,2937837
12/2/2015,2929390
11/2/2015,2922162
10/2/2015,2917033
9/2/2015,2912046
8/2/2015,2907075
7/2/2015,2902737
6/2/2015,2898259
5/2/2015,2893599
4/2/2015,2888857
3/2/2015,2884217
2/2/2015,2879200
1/2/2015,2874618
31/1/2015,2869986
30/1/2015,2865410
29/1/2015,2860738
28/1/2015,2854516
27/1/2015,2849577
26/1/2015,2844400
25/1/2015,2838958
24/1/2015,2834247
23/1/2015,2829833
22/1/2015,2825099
21/1/2015,2820708
20/1/2015,2815937
19/1/2015,2811208
18/1/2015,2806605
17/1/2015,2802278
16/1/2015,2798054
15/1/2015,2793579
14/1/2015,2788850
13/1/2015,2783890
12/1/2015,2779043
11/1/2015,2773180
10/1/2015,2768262
9/1/2015,2763084
8/1/2015,2757765
7/1/2015,2752885
6/1/2015,2747920
5/1/2015,2743273
4/1/2015,2738654
3/1/2015,2734236
2/1/2015,2730066
1/1/2015,2726154
31/12/2014,2723272
30/12/2014,2719717
29/12/2014,2715465
28/12/2014,2710429
27/12/2014,2706304
26/12/2014,2702310
25/12/2014,2698222
24/12/2014,2694455
23/12/2014,2690142
22/12/2014,2685403
21/12/2014,2679956
20/12/2014,2675488
19/12/2014,2671548
18/12/2014,2667321
17/12/2014,2662926
16/12/2014,2657865
15/12/2014,2652862
14/12/2014,2647972
13/12/2014,2643050
12/12/2014,2638426
11/12/2014,2633643
10/12/2014,2628460
9/12/2014,2623710
8/12/2014,2618587
7/12/2014,2613340
6/12/2014,2608811
5/12/2014,2604407
4/12/2014,2599020
3/12/2014,2593733
2/12/2014,2588840
1/12/2014,2583362
30/11/2014,2578398
29/11/2014,2573701
28/11/2014,2569340
27/11/2014,2564992
26/11/2014,2560435
25/11/2014,2554674
24/11/2014,2549601
23/11/2014,2544836
22/11/2014,2539735
21/11/2014,2534878
20/11/2014,2529796
19/11/2014,2524914
18/11/2014,2519771
17/11/2014,2514428
16/11/2014,2509233
15/11/2014,2504332
14/11/2014,2499028
13/11/2014,2493727
12/11/2014,2488094
11/11/2014,2482915
10/11/2014,2477509
9/11/2014,2472448
8/11/2014,2467532
7/11/2014,2462589
6/11/2014,2457672
5/11/2014,2452837
4/11/2014,2447677
3/11/2014,2442649
2/11/2014,2437743
1/11/2014,2432909
31/10/2014,2428297
30/10/2014,2422956
29/10/2014,2417787
28/10/2014,2412721
27/10/2014,2407862
26/10/2014,2399236
25/10/2014,2394480
24/10/2014,2390219
23/10/2014,2385891
22/10/2014,2381387
21/10/2014,2376258
20/10/2014,2370886
19/10/2014,2366318
18/10/2014,2361569
17/10/2014,2357177
16/10/2014,2352582
15/10/2014,2347111
14/10/2014,2342157
13/10/2014,2336999
12/10/2014,2331810
11/10/2014,2326689
10/10/2014,2321603
9/10/2014,2316618
8/10/2014,2310933
7/10/2014,2305242
6/10/2014,2299839
5/10/2014,2294746
4/10/2014,2289712
3/10/2014,2285468
2/10/2014,2281135
1/10/2014,2276636
30/9/2014,2271978
29/9/2014,2267085
28/9/2014,2262294
27/9/2014,2257716
26/9/2014,2253475
25/9/2014,2248618
24/9/2014,2242964
23/9/2014,2237581
22/9/2014,2232406
21/9/2014,2227543
20/9/2014,2222984
19/9/2014,2218905
18/9/2014,2212540
17/9/2014,2207905
16/9/2014,2203182
15/9/2014,2198181
14/9/2014,2193477
13/9/2014,2188693
12/9/2014,2184552
11/9/2014,2180081
10/9/2014,2175346
9/9/2014,2169931
8/9/2014,2164136
7/9/2014,2158632
6/9/2014,2145615
5/9/2014,2140651
4/9/2014,2135769
3/9/2014,2130197
2/9/2014,2125124
1/9/2014,2118964
31/8/2014,2114088
30/8/2014,2107985
29/8/2014,2103178
28/8/2014,2097947
27/8/2014,2092230
26/8/2014,2086767
25/8/2014,2081034
24/8/2014,2075606
23/8/2014,2070778
22/8/2014,2066099
21/8/2014,2060507
20/8/2014,2055092
19/8/2014,2049465
18/8/2014,2043581
17/8/2014,2037795
16/8/2014,2032708
15/8/2014,2027773
14/8/2014,2022619
13/8/2014,2017054
12/8/2014,2011246
11/8/2014,2005514
10/8/2014,2000256
9/8/2014,1995407
8/8/2014,1990454
7/8/2014,1984961
6/8/2014,1978691
5/8/2014,1970816
4/8/2014,1961867
3/8/2014,1954683
2/8/2014,1949629
1/8/2014,1943654
31/7/2014,1937615
30/7/2014,1930905
29/7/2014,1922272
28/7/2014,1913748
27/7/2014,1909047
26/7/2014,1905232
25/7/2014,1901107
24/7/2014,1896770
23/7/2014,1892183
22/7/2014,1887510
21/7/2014,1882933
20/7/2014,1878182
19/7/2014,1873719
18/7/2014,1869646
17/7/2014,1865266
16/7/2014,1860837
15/7/2014,1856572
14/7/2014,1852238
13/7/2014,1847903
12/7/2014,1844181
11/7/2014,1840140
10/7/2014,1835713
9/7/2014,1831024
8/7/2014,1826405
7/7/2014,1821881
6/7/2014,1817503
5/7/2014,1813637
4/7/2014,1809955
3/7/2014,1805638
2/7/2014,1800748
1/7/2014,1795938
30/6/2014,1791263
29/6/2014,1786685
28/6/2014,1782880
27/6/2014,1779103
26/6/2014,1775116
25/6/2014,1770973
24/6/2014,1766949
23/6/2014,1762878
22/6/2014,1759074
21/6/2014,1755717
20/6/2014,1752029
19/6/2014,1748219
18/6/2014,1744305
17/6/2014,1740222
16/6/2014,1735471
15/6/2014,1731308
14/6/2014,1727532
13/6/2014,1724098
12/6/2014,1720129
11/6/2014,1715846
10/6/2014,1711347
9/6/2014,1707220
8/6/2014,1703187
7/6/2014,1699443
6/6/2014,1696012
5/6/2014,1692160
4/6/2014,1688351
3/6/2014,1684203
2/6/2014,1680069
1/6/2014,1675841
31/5/2014,1672398
30/5/2014,1668573
29/5/2014,1664442
28/5/2014,1660245
27/5/2014,1655830
26/5/2014,1651897
25/5/2014,1647891
24/5/2014,1644710
23/5/2014,1641667
22/5/2014,1638215
21/5/2014,1634540
20/5/2014,1630948
19/5/2014,1627280
18/5/2014,1623695
17/5/2014,1620557
16/5/2014,1617504
15/5/2014,1614349
14/5/2014,1610679
13/5/2014,1606735
12/5/2014,1603225
11/5/2014,1599792
10/5/2014,1596786
9/5/2014,1593737
8/5/2014,1590435
7/5/2014,1586766
6/5/2014,1582868
5/5/2014,1578831
4/5/2014,1575308
3/5/2014,1571997
2/5/2014,1568687
1/5/2014,1565426
30/4/2014,1562212
29/4/2014,1558676
28/4/2014,1554732
27/4/2014,1550878
26/4/2014,1546871
25/4/2014,1542893
24/4/2014,1538908
23/4/2014,1534956
22/4/2014,1530749
21/4/2014,1526798
20/4/2014,1523486
19/4/2014,1518969
18/4/2014,1515608
17/4/2014,1512017
16/4/2014,1508504
15/4/2014,1504640
14/4/2014,1500777
13/4/2014,1497044
12/4/2014,1493700
11/4/2014,1490494
10/4/2014,1485378
9/4/2014,1481350
8/4/2014,1477320
7/4/2014,1473588
6/4/2014,1469806
5/4/2014,1466318
4/4/2014,1462892
3/4/2014,1459364
2/4/2014,1455667
1/4/2014,1451982
31/3/2014,1448143
30/3/2014,1443948
29/3/2014,1440281
28/3/2014,1436682
27/3/2014,1432812
26/3/2014,1428415
25/3/2014,1423642
24/3/2014,1419150
23/3/2014,1415047
22/3/2014,1411232
21/3/2014,1407251
20/3/2014,1403048
19/3/2014,1398541
18/3/2014,1395653
17/3/2014,1395609
16/3/2014,1391529
15/3/2014,1387579
14/3/2014,1383969
13/3/2014,1379940
12/3/2014,1375583
11/3/2014,1371223
10/3/2014,1367298
9/3/2014,1362925
8/3/2014,1359174
7/3/2014,1355221
6/3/2014,1350166
5/3/2014,1345391
4/3/2014,1340251
3/3/2014,1334887
2/3/2014,1329950
1/3/2014,1325084
28/2/2014,1320250
27/2/2014,1315180
26/2/2014,1309676
25/2/2014,1303810
24/2/2014,1297395
23/2/2014,1292316
22/2/2014,1287551
21/2/2014,1283125
20/2/2014,1278074
19/2/2014,1272388
18/2/2014,1266787
17/2/2014,1260750
16/2/2014,1256708
15/2/2014,1251598
14/2/2014,1246606
13/2/2014,1241386
12/2/2014,1235899
11/2/2014,1230466
10/2/2014,1224187
9/2/2014,1217715
8/2/2014,1212010
7/2/2014,1206549
6/2/2014,1200142
5/2/2014,1193990
4/2/2014,1187610
3/2/2014,1181265
2/2/2014,1175250
1/2/2014,1169501
31/1/2014,1163953
30/1/2014,1158069
29/1/2014,1151305
28/1/2014,1143759
27/1/2014,1136756
26/1/2014,1130663
25/1/2014,1124732
24/1/2014,1118105
23/1/2014,1109187
22/1/2014,1102199
21/1/2014,1094815
20/1/2014,1087787
19/1/2014,1081937
18/1/2014,1076470
17/1/2014,1069475
16/1/2014,1063202
15/1/2014,1056556
14/1/2014,1050364
13/1/2014,1044258
12/1/2014,1038211
11/1/2014,1032586
10/1/2014,1027056
9/1/2014,1021081
8/1/2014,1014419
7/1/2014,1007391
6/1/2014,1000366
5/1/2014,993338
4/1/2014,987716
3/1/2014,981868
2/1/2014,976051
1/1/2014,970765
31/12/2013,966885
30/12/2013,962069
29/12/2013,956185
28/12/2013,950868
27/12/2013,945649
26/12/2013,939985
25/12/2013,934240
24/12/2013,928384
23/12/2013,922183
22/12/2013,915642
21/12/2013,908911
20/12/2013,902669
19/12/2013,896214
18/12/2013,888153
17/12/2013,879670
16/12/2013,869865
15/12/2013,861377
14/12/2013,853955
13/12/2013,846553
12/12/2013,838027
11/12/2013,829805
10/12/2013,821523
9/12/2013,810041
8/12/2013,801843
7/12/2013,794745
6/12/2013,786923
5/12/2013,777608
4/12/2013,767382
3/12/2013,755687
2/12/2013,741665
1/12/2013,718599
30/11/2013,708388
29/11/2013,694872
28/11/2013,678886
27/11/2013,663348
26/11/2013,653577
25/11/2013,645789
24/11/2013,638570
23/11/2013,631898
22/11/2013,623968
21/11/2013,616059
20/11/2013,607402
19/11/2013,596702
18/11/2013,583044
17/11/2013,575357
16/11/2013,570436
15/11/2013,566436
14/11/2013,561947
13/11/2013,557524
12/11/2013,553565
11/11/2013,550257
10/11/2013,546940
9/11/2013,543736
8/11/2013,539738
7/11/2013,535666
6/11/2013,531463
5/11/2013,527652
4/11/2013,524402
3/11/2013,521533
2/11/2013,519112
1/11/2013,516337
31/10/2013,513288
30/10/2013,509117
29/10/2013,504006
28/10/2013,496918
27/10/2013,494768
26/10/2013,493193
25/10/2013,491714
24/10/2013,490080
23/10/2013,488053
22/10/2013,485945
21/10/2013,483986
20/10/2013,482262
19/10/2013,480756
18/10/2013,479219
17/10/2013,477646
16/10/2013,476047
15/10/2013,474334
14/10/2013,472830
13/10/2013,471401
12/10/2013,470138
11/10/2013,468965
10/10/2013,467568
9/10/2013,465905
8/10/2013,464162
7/10/2013,462433
6/10/2013,460788
5/10/2013,459494
4/10/2013,458047
3/10/2013,456551
2/10/2013,454922
1/10/2013,453632
30/9/2013,452302
29/9/2013,450981
28/9/2013,449762
27/9/2013,448624
26/9/2013,447429
25/9/2013,446106
24/9/2013,444706
23/9/2013,443231
22/9/2013,441632
21/9/2013,440206
20/9/2013,438608
19/9/2013,437254
18/9/2013,436205
17/9/2013,434971
16/9/2013,433766
15/9/2013,432581
14/9/2013,431522
13/9/2013,430380
12/9/2013,429173
11/9/2013,427888
10/9/2013,426674
9/9/2013,425379
8/9/2013,424219
7/9/2013,423130
6/9/2013,422071
5/9/2013,420883
4/9/2013,419671
3/9/2013,418399
2/9/2013,417062
1/9/2013,415799
31/8/2013,414788
30/8/2013,413824
29/8/2013,412433
28/8/2013,411079
27/8/2013,409400
26/8/2013,407743
25/8/2013,406360
24/8/2013,405133
23/8/2013,403858
22/8/2013,402296
21/8/2013,400578
20/8/2013,398725
19/8/2013,396925
18/8/2013,395141
17/8/2013,393672
16/8/2013,391829
15/8/2013,389809
14/8/2013,388072
13/8/2013,386577
12/8/2013,385119
11/8/2013,383949
10/8/2013,382833
9/8/2013,381557
8/8/2013,380319
7/8/2013,379063
6/8/2013,377726
5/8/2013,376431
4/8/2013,375222
3/8/2013,374182
2/8/2013,373038
1/8/2013,371815
31/7/2013,370519
30/7/2013,369006
29/7/2013,367646
28/7/2013,366423
27/7/2013,365395
26/7/2013,364284
25/7/2013,363091
24/7/2013,361838
23/7/2013,360592
22/7/2013,359347
21/7/2013,358155
20/7/2013,357213
19/7/2013,356243
18/7/2013,355156
17/7/2013,353926
16/7/2013,352753
15/7/2013,351533
14/7/2013,350362
13/7/2013,349434
12/7/2013,348460
11/7/2013,347329
10/7/2013,346149
9/7/2013,344952
8/7/2013,343646
7/7/2013,342417
6/7/2013,341371
5/7/2013,340206
4/7/2013,338907
3/7/2013,337567
2/7/2013,335965
1/7/2013,334016
30/6/2013,332040
29/6/2013,330442
28/6/2013,329239
27/6/2013,327848
26/6/2013,326553
25/6/2013,325294
24/6/2013,323859
23/6/2013,322614
22/6/2013,321597
21/6/2013,320559
20/6/2013,319312
19/6/2013,318057
18/6/2013,316640
17/6/2013,315322
16/6/2013,314217
15/6/2013,313209
14/6/2013,312151
13/6/2013,310990
12/6/2013,309714
11/6/2013,308385
10/6/2013,306999
9/6/2013,305653
8/6/2013,304451
7/6/2013,303259
6/6/2013,301864
5/6/2013,300570
4/6/2013,299174
3/6/2013,297719
2/6/2013,296314
1/6/2013,294983
31/5/2013,293740
30/5/2013,292370
29/5/2013,290897
28/5/2013,289335
27/5/2013,287882
26/5/2013,286595
25/5/2013,285423
24/5/2013,284200
23/5/2013,283029
22/5/2013,281617
21/5/2013,280219
20/5/2013,278632
19/5/2013,277091
18/5/2013,275525
17/5/2013,274062
16/5/2013,272722
15/5/2013,271342
14/5/2013,269829
13/5/2013,268371
12/5/2013,266765
11/5/2013,265186
10/5/2013,263783
9/5/2013,262339
8/5/2013,260728
7/5/2013,258958
6/5/2013,257232
5/5/2013,255348
4/5/2013,253614
3/5/2013,251776
2/5/2013,249957
1/5/2013,248307
30/4/2013,246826
29/4/2013,245294
28/4/2013,243762
27/4/2013,242215
26/4/2013,240714
25/4/2013,239046
24/4/2013,237368
23/4/2013,235602
22/4/2013,233959
21/4/2013,232115
20/4/2013,230333
19/4/2013,228489
18/4/2013,226475
17/4/2013,225727
16/4/2013,223363
15/4/2013,220869
14/4/2013,218263
13/4/2013,215661
12/4/2013,212774
11/4/2013,208598
10/4/2013,203419
9/4/2013,197846
8/4/2013,193799
7/4/2013,189100
6/4/2013,186328
5/4/2013,183747
4/4/2013,180768
3/4/2013,176862
2/4/2013,172965
1/4/2013,169896
31/3/2013,167617
30/3/2013,165764
29/3/2013,163619
28/3/2013,161197
27/3/2013,158841
26/3/2013,156702
25/3/2013,155040
24/3/2013,153442
23/3/2013,151985
22/3/2013,150484
21/3/2013,148934
20/3/2013,147332
19/3/2013,145918
18/3/2013,144807
17/3/2013,143822
16/3/2013,142930
15/3/2013,142158
14/3/2013,141235
13/3/2013,140235
12/3/2013,139373
11/3/2013,138195
10/3/2013,137064
9/3/2013,135956
8/3/2013,134908
7/3/2013,134344
6/3/2013,133101
5/3/2013,131891
4/3/2013,130804
3/3/2013,129904
2/3/2013,129129
1/3/2013,128295
28/2/2013,127323
27/2/2013,126468
26/2/2013,125534
25/2/2013,124685
24/2/2013,123763
23/2/2013,122845
22/2/2013,122017
21/2/2013,121141
20/2/2013,120283
19/2/2013,119379
18/2/2013,118419
17/2/2013,117423
16/2/2013,116575
15/2/2013,115694
14/2/2013,114874
13/2/2013,114095
12/2/2013,113372
11/2/2013,112616
10/2/2013,111857
9/2/2013,111151
8/2/2013,110457
7/2/2013,109733
6/2/2013,108911
5/2/2013,108332
4/2/2013,107601
3/2/2013,106934
2/2/2013,106166
1/2/2013,105386
31/1/2013,104616
30/1/2013,103901
29/1/2013,103131
28/1/2013,102401
27/1/2013,101624
26/1/2013,100846
25/1/2013,100137
24/1/2013,99409
23/1/2013,98690
22/1/2013,97978
21/1/2013,97204
20/1/2013,96434
19/1/2013,95662
18/1/2013,94797
17/1/2013,93966
16/1/2013,93134
15/1/2013,92287
14/1/2013,91358
13/1/2013,90370
12/1/2013,89315
11/1/2013,88104
10/1/2013,86754
9/1/2013,85046
8/1/2013,83175
7/1/2013,82264
6/1/2013,81304
5/1/2013,80581
4/1/2013,80035
3/1/2013,79328
2/1/2013,78671
1/1/2013,77841
31/12/2012,77232
30/12/2012,76563
29/12/2012,75685
28/12/2012,74807
27/12/2012,73919
26/12/2012,73096
25/12/2012,72414
24/12/2012,71688
23/12/2012,70669
22/12/2012,69660
21/12/2012,68657
20/12/2012,67838
19/12/2012,66978
18/12/2012,65840
17/12/2012,64693
16/12/2012,63254
15/12/2012,62038
14/12/2012,60270
13/12/2012,58142
12/12/2012,55906
11/12/2012,53179
10/12/2012,50056
9/12/2012,49364
8/12/2012,49068
7/12/2012,48720
6/12/2012,48336
5/12/2012,47988
4/12/2012,47612
3/12/2012,47184
2/12/2012,46813
1/12/2012,46429
30/11/2012,46109
29/11/2012,45698
28/11/2012,45223
27/11/2012,44808
26/11/2012,44421
25/11/2012,44089
24/11/2012,43761
23/11/2012,43500
22/11/2012,43199
21/11/2012,42831
20/11/2012,42435
19/11/2012,42017
18/11/2012,41639
17/11/2012,41301
16/11/2012,40958
15/11/2012,40615
14/11/2012,40324
13/11/2012,40018
12/11/2012,39759
11/11/2012,39516
10/11/2012,39270
9/11/2012,39033
8/11/2012,38724
7/11/2012,38461
6/11/2012,38182
5/11/2012,37913
4/11/2012,37670
3/11/2012,37402
2/11/2012,37221
1/11/2012,36986
31/10/2012,36707
30/10/2012,36435
29/10/2012,36152
28/10/2012,35907
27/10/2012,35650
26/10/2012,35384
25/10/2012,35121
24/10/2012,34857
23/10/2012,34567
22/10/2012,34211
21/10/2012,33923
20/10/2012,33651
19/10/2012,33375
18/10/2012,33083
17/10/2012,32750
16/10/2012,32425
15/10/2012,32152
14/10/2012,31837
13/10/2012,31537
12/10/2012,31268
11/10/2012,30926
10/10/2012,30585
9/10/2012,30263
8/10/2012,29928
7/10/2012,29609
6/10/2012,29356
5/10/2012,29106
4/10/2012,28812
3/10/2012,28480
2/10/2012,28121
1/10/2012,27727
30/9/2012,27400
29/9/2012,27123
28/9/2012,26842
27/9/2012,26538
26/9/2012,26265
25/9/2012,25986
24/9/2012,25702
23/9/2012,25464
22/9/2012,25257
21/9/2012,25063
20/9/2012,24866
19/9/2012,24596
18/9/2012,24310
17/9/2012,24071
16/9/2012,23842
15/9/2012,23630
14/9/2012,23432
13/9/2012,23227
12/9/2012,23015
11/9/2012,22766
10/9/2012,22570
9/9/2012,22353
8/9/2012,22176
7/9/2012,21987
6/9/2012,21778
5/9/2012,21526
4/9/2012,21335
3/9/2012,21134
2/9/2012,20938
1/9/2012,20792
31/8/2012,20614
30/8/2012,20430
29/8/2012,20245
28/8/2012,20032
27/8/2012,19855
26/8/2012,19669
25/8/2012,19477
24/8/2012,19301
23/8/2012,19093
22/8/2012,18863
21/8/2012,18642
20/8/2012,18405
19/8/2012,18211
18/8/2012,18058
17/8/2012,17883
16/8/2012,17674
15/8/2012,17440
14/8/2012,17217
13/8/2012,17036
12/8/2012,16878
11/8/2012,16744
10/8/2012,16625
9/8/2012,16475
8/8/2012,16320
7/8/2012,16174
6/8/2012,16003
5/8/2012,15852
4/8/2012,15728
3/8/2012,15603
2/8/2012,15459
1/8/2012,15340
31/7/2012,15197
30/7/2012,15050
29/7/2012,14927
28/7/2012,14828
27/7/2012,14724
26/7/2012,14609
25/7/2012,14475
24/7/2012,14337
23/7/2012,14183
22/7/2012,14063
21/7/2012,13949
20/7/2012,13780
19/7/2012,13586
18/7/2012,13403
17/7/2012,13203
16/7/2012,13024
15/7/2012,12878
14/7/2012,12748
13/7/2012,12591
12/7/2012,12415
11/7/2012,12257
10/7/2012,12108
9/7/2012,11955
8/7/2012,11806
7/7/2012,11698
6/7/2012,11572
5/7/2012,11454
4/7/2012,11347
3/7/2012,11216
2/7/2012,11098
1/7/2012,11015
30/6/2012,10910
29/6/2012,10826
28/6/2012,10725
27/6/2012,10600
26/6/2012,10473
25/6/2012,10358
24/6/2012,10250
23/6/2012,10172
22/6/2012,10072
21/6/2012,9963
20/6/2012,9868
19/6/2012,9748
18/6/2012,9665
17/6/2012,9541
16/6/2012,9464
15/6/2012,9370
14/6/2012,9257
13/6/2012,9160
12/6/2012,9046
11/6/2012,8946
10/6/2012,8862
9/6/2012,8773
8/6/2012,8666
7/6/2012,8574
6/6/2012,8497
5/6/2012,8431
4/6/2012,8346
3/6/2012,8266
2/6/2012,8178
1/6/2012,8121
31/5/2012,8039
30/5/2012,7969
29/5/2012,7857
28/5/2012,7774
27/5/2012,7697
26/5/2012,7644
25/5/2012,7571
24/5/2012,7489
23/5/2012,7409
22/5/2012,7370
21/5/2012,7296
20/5/2012,7202
19/5/2012,7122
18/5/2012,7067
17/5/2012,6984
16/5/2012,6912
15/5/2012,6827
14/5/2012,6754
13/5/2012,6683
12/5/2012,6612
11/5/2012,6552
10/5/2012,6476
9/5/2012,6392
8/5/2012,6309
7/5/2012,6220
6/5/2012,6127
5/5/2012,6053
4/5/2012,5993
3/5/2012,5897
2/5/2012,5816
1/5/2012,5798
30/4/2012,5798
29/4/2012,5767
28/4/2012,5679
27/4/2012,5566
26/4/2012,5364
25/4/2012,5211
24/4/2012,5139
23/4/2012,5046
22/4/2012,4966
21/4/2012,4857
20/4/2012,4795
19/4/2012,4741
18/4/2012,4690
17/4/2012,4611
16/4/2012,4559
15/4/2012,4511
14/4/2012,4453
13/4/2012,4408
12/4/2012,4348
11/4/2012,4294
10/4/2012,4234
9/4/2012,4168
8/4/2012,4113
7/4/2012,4039
6/4/2012,3967
5/4/2012,3872
4/4/2012,3815
3/4/2012,3772
2/4/2012,3708
1/4/2012,3636
31/3/2012,3590
30/3/2012,3558
29/3/2012,3493
28/3/2012,3415
27/3/2012,3329
26/3/2012,3257
25/3/2012,3219
24/3/2012,3186
23/3/2012,3148
22/3/2012,3117
21/3/2012,3076
20/3/2012,3041
19/3/2012,2997
18/3/2012,2968
17/3/2012,2935
16/3/2012,2893
15/3/2012,2861
14/3/2012,2825
13/3/2012,2794
12/3/2012,2758
11/3/2012,2728
10/3/2012,2692
9/3/2012,2665
8/3/2012,2614
7/3/2012,2567
6/3/2012,2537
5/3/2012,2480
4/3/2012,2435
3/3/2012,2409
2/3/2012,2356
1/3/2012,2314
29/2/2012,2282
28/2/2012,2253
27/2/2012,2213
26/2/2012,2170
25/2/2012,2159
24/2/2012,2159
23/2/2012,2139
22/2/2012,2108
21/2/2012,2078
20/2/2012,2043
19/2/2012,2003
18/2/2012,1967
17/2/2012,1943
16/2/2012,1894
15/2/2012,1861
14/2/2012,1845
13/2/2012,1815
12/2/2012,1772
11/2/2012,1745
10/2/2012,1713
9/2/2012,1666
8/2/2012,1626
7/2/2012,1587
6/2/2012,1551
5/2/2012,1514
4/2/2012,1463
3/2/2012,1425
2/2/2012,1392
1/2/2012,1364
31/1/2012,1329
30/1/2012,1294
29/1/2012,1268
28/1/2012,1242
27/1/2012,1217
26/1/2012,1184
25/1/2012,1169
24/1/2012,1163
23/1/2012,1111
22/1/2012,1071
21/1/2012,1029
20/1/2012,991
19/1/2012,962
18/1/2012,926
17/1/2012,884
16/1/2012,836
15/1/2012,785
14/1/2012,758
13/1/2012,740
12/1/2012,710
11/1/2012,672
10/1/2012,635
9/1/2012,603
8/1/2012,556
7/1/2012,517
6/1/2012,497
5/1/2012,483
4/1/2012,451
3/1/2012,431
2/1/2012,420
1/1/2012,412
31/12/2011,406
30/12/2011,406
29/12/2011,400
28/12/2011,382
27/12/2011,369
26/12/2011,352
25/12/2011,337
24/12/2011,329
23/12/2011,318
22/12/2011,291
21/12/2011,265
20/12/2011,242
19/12/2011,229
18/12/2011,222
17/12/2011,213
16/12/2011,205
15/12/2011,185
14/12/2011,153
13/12/2011,127
12/12/2011,118
11/12/2011,112
10/12/2011,95
9/12/2011,80
8/12/2011,60
7/12/2011,58
6/12/2011,38
5/12/2011,28
4/12/2011,28
3/12/2011,23
2/12/2011,22
1/12/2011,13
30/11/2011,8
29/11/2011,2
28/11/2011,2
27/11/2011,2
26/11/2011,2
25/11/2011,2
24/11/2011,2
23/11/2011,2
22/11/2011,2
21/11/2011,2
20/11/2011,2
19/11/2011,2
18/11/2011,2
17/11/2011,2
16/11/2011,2
15/11/2011,2
14/11/2011,2
13/11/2011,2
12/11/2011,2
11/11/2011,2
10/11/2011,2
9/11/2011,2
8/11/2011,2
7/11/2011,2
6/11/2011,2
5/11/2011,2
4/11/2011,2
3/11/2011,2
2/11/2011,2
1/11/2011,2
31/10/2011,2
30/10/2011,2
29/10/2011,2
28/10/2011,2
27/10/2011,2
26/10/2011,2
25/10/2011,2
24/10/2011,2
23/10/2011,2
22/10/2011,2
21/10/2011,2
20/10/2011,2
19/10/2011,2
18/10/2011,2
17/10/2011,2
16/10/2011,2
15/10/2011,2
14/10/2011,2
13/10/2011,2
12/10/2011,2
11/10/2011,2
10/10/2011,2
9/10/2011,2
8/10/2011,2
7/10/2011,2
6/10/2011,2
5/10/2011,2
4/10/2011,2
3/10/2011,2
2/10/2011,2
1/10/2011,2
30/9/2011,2
29/9/2011,2
28/9/2011,2
27/9/2011,2
26/9/2011,2
25/9/2011,2
24/9/2011,2
23/9/2011,2
22/9/2011,2
21/9/2011,2
20/9/2011,2
19/9/2011,2
18/9/2011,2
17/9/2011,2
16/9/2011,2
15/9/2011,2
14/9/2011,2
13/9/2011,2
12/9/2011,2
11/9/2011,2
10/9/2011,2
9/9/2011,2
8/9/2011,2
7/9/2011,2
6/9/2011,2
5/9/2011,2
4/9/2011,2
3/9/2011,2
2/9/2011,2
1/9/2011,2
31/8/2011,2
30/8/2011,2
29/8/2011,2
28/8/2011,2
27/8/2011,2
26/8/2011,2
25/8/2011,2
24/8/2011,2
23/8/2011,2
22/8/2011,2
21/8/2011,2
20/8/2011,2
19/8/2011,2
18/8/2011,2
17/8/2011,2
16/8/2011,2
15/8/2011,2
14/8/2011,2
13/8/2011,2
12/8/2011,2
11/8/2011,2
10/8/2011,2
9/8/2011,2
8/8/2011,2
7/8/2011,2
6/8/2011,2
5/8/2011,2
4/8/2011,2
3/8/2011,2
2/8/2011,2
1/8/2011,2
31/7/2011,2
30/7/2011,2
29/7/2011,2
28/7/2011,2
27/7/2011,2
26/7/2011,2
25/7/2011,2
24/7/2011,2
23/7/2011,2
22/7/2011,2
21/7/2011,2
20/7/2011,2
19/7/2011,2
18/7/2011,2
17/7/2011,2
16/7/2011,2
15/7/2011,2
14/7/2011,2
13/7/2011,2
12/7/2011,2
11/7/2011,2
10/7/2011,2
9/7/2011,2
8/7/2011,2
7/7/2011,2
6/7/2011,2
5/7/2011,2
4/7/2011,2
3/7/2011,2
2/7/2011,2
1/7/2011,2
30/6/2011,2
29/6/2011,2
28/6/2011,2
27/6/2011,2
26/6/2011,2
25/6/2011,2
24/6/2011,2
23/6/2011,2
22/6/2011,2
21/6/2011,2
20/6/2011,2
19/6/2011,2
18/6/2011,2
17/6/2011,2
16/6/2011,2
15/6/2011,2
14/6/2011,2
13/6/2011,2
12/6/2011,2
11/6/2011,2
10/6/2011,2
9/6/2011,2
8/6/2011,2
7/6/2011,2
6/6/2011,2
5/6/2011,2
4/6/2011,2
3/6/2011,2
2/6/2011,2
1/6/2011,2
31/5/2011,2
30/5/2011,2
29/5/2011,2
28/5/2011,2
27/5/2011,2
26/5/2011,2
25/5/2011,2
24/5/2011,2
23/5/2011,2
22/5/2011,2
21/5/2011,2
20/5/2011,2
19/5/2011,2
18/5/2011,2
17/5/2011,2
16/5/2011,2
15/5/2011,2
14/5/2011,2
13/5/2011,2
12/5/2011,2
11/5/2011,2
10/5/2011,2
9/5/2011,2
8/5/2011,2
7/5/2011,2
6/5/2011,2
5/5/2011,2
4/5/2011,2
3/5/2011,2
2/5/2011,2
1/5/2011,2
30/4/2011,2
29/4/2011,2
28/4/2011,2
27/4/2011,2
26/4/2011,2
25/4/2011,2
24/4/2011,2
23/4/2011,2
22/4/2011,2
21/4/2011,2
20/4/2011,2
19/4/2011,2
18/4/2011,2
17/4/2011,2
16/4/2011,2
15/4/2011,2
14/4/2011,2
13/4/2011,2
12/4/2011,2
11/4/2011,2
10/4/2011,2
9/4/2011,2
8/4/2011,2
7/4/2011,2
6/4/2011,2
5/4/2011,2
4/4/2011,2
3/4/2011,2
2/4/2011,2
1/4/2011,2
31/3/2011,2
30/3/2011,2
29/3/2011,2
28/3/2011,2
27/3/2011,2
26/3/2011,2
25/3/2011,2
24/3/2011,2
23/3/2011,2
22/3/2011,2
21/3/2011,2
20/3/2011,2
19/3/2011,2
18/3/2011,2
17/3/2011,2
16/3/2011,2
15/3/2011,2
14/3/2011,2
13/3/2011,2
12/3/2011,2
11/3/2011,2
10/3/2011,2
9/3/2011,2
8/3/2011,2
7/3/2011,2
6/3/2011,2
5/3/2011,2
4/3/2011,2
3/3/2011,2
2/3/2011,2
1/3/2011,2
28/2/2011,2
27/2/2011,2
26/2/2011,2
25/2/2011,2
24/2/2011,2
23/2/2011,2
22/2/2011,2
21/2/2011,2
20/2/2011,2
19/2/2011,2
18/2/2011,2
17/2/2011,2
16/2/2011,2
15/2/2011,2
14/2/2011,2
13/2/2011,2
12/2/2011,2
11/2/2011,2
10/2/2011,2
9/2/2011,2
8/2/2011,2
7/2/2011,2
6/2/2011,2
5/2/2011,2
4/2/2011,2
3/2/2011,2
2/2/2011,2
1/2/2011,2
31/1/2011,2
30/1/2011,2
29/1/2011,2
28/1/2011,2
27/1/2011,2
26/1/2011,2
25/1/2011,2
24/1/2011,2
23/1/2011,2
22/1/2011,2
21/1/2011,2
20/1/2011,2
19/1/2011,2
18/1/2011,2
17/1/2011,2
16/1/2011,2
15/1/2011,2
14/1/2011,2
13/1/2011,2
12/1/2011,2
11/1/2011,2
10/1/2011,2
9/1/2011,2
8/1/2011,2
7/1/2011,2
6/1/2011,2
5/1/2011,2
4/1/2011,2
3/1/2011,2
2/1/2011,2
1/1/2011,2
31/12/2010,2
30/12/2010,2
29/12/2010,2
28/12/2010,2
27/12/2010,2
26/12/2010,2
25/12/2010,2
24/12/2010,2
23/12/2010,2
22/12/2010,2
21/12/2010,2
20/12/2010,2
19/12/2010,2
18/12/2010,2
17/12/2010,2
16/12/2010,2
15/12/2010,2
14/12/2010,2
13/12/2010,2
12/12/2010,2
11/12/2010,2
10/12/2010,2
9/12/2010,2
8/12/2010,2
7/12/2010,2
6/12/2010,2
5/12/2010,2
4/12/2010,2
3/12/2010,2
2/12/2010,2
1/12/2010,2
30/11/2010,2
29/11/2010,2
28/11/2010,2
27/11/2010,2
26/11/2010,2
25/11/2010,2
24/11/2010,2
23/11/2010,2
22/11/2010,2
21/11/2010,2
20/11/2010,2
19/11/2010,2
18/11/2010,2
17/11/2010,2
16/11/2010,2
15/11/2010,2
14/11/2010,2
13/11/2010,2
12/11/2010,2
11/11/2010,2
10/11/2010,2
9/11/2010,2
8/11/2010,2
7/11/2010,2
6/11/2010,2
5/11/2010,2
4/11/2010,2
3/11/2010,2
2/11/2010,2
1/11/2010,2
31/10/2010,2
30/10/2010,2
29/10/2010,2
28/10/2010,2
27/10/2010,2
26/10/2010,2
25/10/2010,2
24/10/2010,2
23/10/2010,2
22/10/2010,2
21/10/2010,2
20/10/2010,2
19/10/2010,2
18/10/2010,2
17/10/2010,2
16/10/2010,2
15/10/2010,2
14/10/2010,2
13/10/2010,2
12/10/2010,2
11/10/2010,2
10/10/2010,2
9/10/2010,2
8/10/2010,2
7/10/2010,2
6/10/2010,2
5/10/2010,2
4/10/2010,2
3/10/2010,2
2/10/2010,2
1/10/2010,2
30/9/2010,2
29/9/2010,2
28/9/2010,2
27/9/2010,2
26/9/2010,2
25/9/2010,2
24/9/2010,2
23/9/2010,2
22/9/2010,2
21/9/2010,2
20/9/2010,2
19/9/2010,2
18/9/2010,2
17/9/2010,2
16/9/2010,2
15/9/2010,2
14/9/2010,2
13/9/2010,2
12/9/2010,2
11/9/2010,2
10/9/2010,2
9/9/2010,2
8/9/2010,2
7/9/2010,2
6/9/2010,2
5/9/2010,2
4/9/2010,2
3/9/2010,2
2/9/2010,2
1/9/2010,2
31/8/2010,2
30/8/2010,2
29/8/2010,2
28/8/2010,2
27/8/2010,2
26/8/2010,2
25/8/2010,2
24/8/2010,2
23/8/2010,2
22/8/2010,2
21/8/2010,2
20/8/2010,2
19/8/2010,2
18/8/2010,2
17/8/2010,2
16/8/2010,2
15/8/2010,2
14/8/2010,2
13/8/2010,2
12/8/2010,2
11/8/2010,2
10/8/2010,2
9/8/2010,2
8/8/2010,2
7/8/2010,2
6/8/2010,2
5/8/2010,2
4/8/2010,2
3/8/2010,2
2/8/2010,2
1/8/2010,2
31/7/2010,2
30/7/2010,2
29/7/2010,2
28/7/2010,2
27/7/2010,2
26/7/2010,2
25/7/2010,2
24/7/2010,2
23/7/2010,2
22/7/2010,2
21/7/2010,2
20/7/2010,2
19/7/2010,2
18/7/2010,2
17/7/2010,2
16/7/2010,2
15/7/2010,2
14/7/2010,2
13/7/2010,2
12/7/2010,2
11/7/2010,2
10/7/2010,2
9/7/2010,2
8/7/2010,2
7/7/2010,2
6/7/2010,2
5/7/2010,2
4/7/2010,2
3/7/2010,2
2/7/2010,2
1/7/2010,2
30/6/2010,2
29/6/2010,2
28/6/2010,2
27/6/2010,2
26/6/2010,2
25/6/2010,2
24/6/2010,2
23/6/2010,2
22/6/2010,2
21/6/2010,2
20/6/2010,2
19/6/2010,2
18/6/2010,2
17/6/2010,2
16/6/2010,2
15/6/2010,2
14/6/2010,2
13/6/2010,2
12/6/2010,2
11/6/2010,2
10/6/2010,2
9/6/2010,2
8/6/2010,2
7/6/2010,2
6/6/2010,2
5/6/2010,2
4/6/2010,2
3/6/2010,2
2/6/2010,2
1/6/2010,2
31/5/2010,2
30/5/2010,2
29/5/2010,2
28/5/2010,2
27/5/2010,2
26/5/2010,2
25/5/2010,2
24/5/2010,2
23/5/2010,2
22/5/2010,2
21/5/2010,2
20/5/2010,2
19/5/2010,2
18/5/2010,2
17/5/2010,2
16/5/2010,2
15/5/2010,2
14/5/2010,2
13/5/2010,2
12/5/2010,2
11/5/2010,2
10/5/2010,2
9/5/2010,2
8/5/2010,2
7/5/2010,2
6/5/2010,2
5/5/2010,2
4/5/2010,2
3/5/2010,2
2/5/2010,2
1/5/2010,2
30/4/2010,2
29/4/2010,2
28/4/2010,2
27/4/2010,2
26/4/2010,2
25/4/2010,2
24/4/2010,2
23/4/2010,2
22/4/2010,2
21/4/2010,2
20/4/2010,2
19/4/2010,2
18/4/2010,2
17/4/2010,2
16/4/2010,2
15/4/2010,2
14/4/2010,2
13/4/2010,2
12/4/2010,2
11/4/2010,2
10/4/2010,2
9/4/2010,2
8/4/2010,2
7/4/2010,2
6/4/2010,2
5/4/2010,2
4/4/2010,2
3/4/2010,2
2/4/2010,2
1/4/2010,2
31/3/2010,2
30/3/2010,2
29/3/2010,2
28/3/2010,2
27/3/2010,2
26/3/2010,2
25/3/2010,2
24/3/2010,2
23/3/2010,2
22/3/2010,2
21/3/2010,2
20/3/2010,2
19/3/2010,2
18/3/2010,2
17/3/2010,2
16/3/2010,2
15/3/2010,2
14/3/2010,2
13/3/2010,2
12/3/2010,2
11/3/2010,2
10/3/2010,2
9/3/2010,2
8/3/2010,2
7/3/2010,2
6/3/2010,2
5/3/2010,2
4/3/2010,2
3/3/2010,2
2/3/2010,2
1/3/2010,2
28/2/2010,2
27/2/2010,2
26/2/2010,2
25/2/2010,2
24/2/2010,2
23/2/2010,2
22/2/2010,2
21/2/2010,2
20/2/2010,2
19/2/2010,2
18/2/2010,2
17/2/2010,2
16/2/2010,2
15/2/2010,2
14/2/2010,2
13/2/2010,2
12/2/2010,2
11/2/2010,2
10/2/2010,2
9/2/2010,2
8/2/2010,2
7/2/2010,2
6/2/2010,2
5/2/2010,2
4/2/2010,2
3/2/2010,2
2/2/2010,2
1/2/2010,2
31/1/2010,2
30/1/2010,2
29/1/2010,2
28/1/2010,2
27/1/2010,2
26/1/2010,2
25/1/2010,2
24/1/2010,2
23/1/2010,2
22/1/2010,2
21/1/2010,2
20/1/2010,2
19/1/2010,2
18/1/2010,2
17/1/2010,2
16/1/2010,2
15/1/2010,2
14/1/2010,2
13/1/2010,2
12/1/2010,2
11/1/2010,2
10/1/2010,2
9/1/2010,2
8/1/2010,2
7/1/2010,2
6/1/2010,2
5/1/2010,2
4/1/2010,2
3/1/2010,2
2/1/2010,2
1/1/2010,2
31/12/2009,2
30/12/2009,2
29/12/2009,2
28/12/2009,2
27/12/2009,2
26/12/2009,2
25/12/2009,2
24/12/2009,2
23/12/2009,2
22/12/2009,2
21/12/2009,2
20/12/2009,2
19/12/2009,2
18/12/2009,2
17/12/2009,2
16/12/2009,2
15/12/2009,2
14/12/2009,2
13/12/2009,2
12/12/2009,2
11/12/2009,2
10/12/2009,2
9/12/2009,2
8/12/2009,2
7/12/2009,2
6/12/2009,2
5/12/2009,2
4/12/2009,2
3/12/2009,2
2/12/2009,2
1/12/2009,2
30/11/2009,2
29/11/2009,2
28/11/2009,2
27/11/2009,2
26/11/2009,2
25/11/2009,2
24/11/2009,2
23/11/2009,2
22/11/2009,2
21/11/2009,2
20/11/2009,2
19/11/2009,2
18/11/2009,2
17/11/2009,2
16/11/2009,2
15/11/2009,2
14/11/2009,2
13/11/2009,2
12/11/2009,2
11/11/2009,2
10/11/2009,2
9/11/2009,2
8/11/2009,2
7/11/2009,2
6/11/2009,2
5/11/2009,2
4/11/2009,2
3/11/2009,2
2/11/2009,2
1/11/2009,2
31/10/2009,2
30/10/2009,2
29/10/2009,2
28/10/2009,2
27/10/2009,2
26/10/2009,2
25/10/2009,2
24/10/2009,2
23/10/2009,2
22/10/2009,2
21/10/2009,2
20/10/2009,2
19/10/2009,2
18/10/2009,2
17/10/2009,2
16/10/2009,2
15/10/2009,2
14/10/2009,2
13/10/2009,2
12/10/2009,2
11/10/2009,2
10/10/2009,2
9/10/2009,2
8/10/2009,2
7/10/2009,2
6/10/2009,2
5/10/2009,2
4/10/2009,2
3/10/2009,2
2/10/2009,2
1/10/2009,2
30/9/2009,2
29/9/2009,2
28/9/2009,2
27/9/2009,2
26/9/2009,2
25/9/2009,2
24/9/2009,2
23/9/2009,2
22/9/2009,2
21/9/2009,2
20/9/2009,2
19/9/2009,2
18/9/2009,2
17/9/2009,2
16/9/2009,2
15/9/2009,2
14/9/2009,2
13/9/2009,2
12/9/2009,2
11/9/2009,2
10/9/2009,2
9/9/2009,2
8/9/2009,2
7/9/2009,2
6/9/2009,2
5/9/2009,2
4/9/2009,2
3/9/2009,2
2/9/2009,2
1/9/2009,2
31/8/2009,2
30/8/2009,2
29/8/2009,2
28/8/2009,2
27/8/2009,2
26/8/2009,2
25/8/2009,2
24/8/2009,2
23/8/2009,2
22/8/2009,2
21/8/2009,2
20/8/2009,2
19/8/2009,2
18/8/2009,2
17/8/2009,2
16/8/2009,2
15/8/2009,2
14/8/2009,2
13/8/2009,2
12/8/2009,2
11/8/2009,2
10/8/2009,2
9/8/2009,2
8/8/2009,2
7/8/2009,2
6/8/2009,2
5/8/2009,2
4/8/2009,2
3/8/2009,2
2/8/2009,2
1/8/2009,2
31/7/2009,2
30/7/2009,2
29/7/2009,2
28/7/2009,2
27/7/2009,2
26/7/2009,2
25/7/2009,2
24/7/2009,2
23/7/2009,2
22/7/2009,2
21/7/2009,2
20/7/2009,2
19/7/2009,2
18/7/2009,2
17/7/2009,2
16/7/2009,2
15/7/2009,2
14/7/2009,2
13/7/2009,2
12/7/2009,2
11/7/2009,2
10/7/2009,2
9/7/2009,2
8/7/2009,2
7/7/2009,2
6/7/2009,2
5/7/2009,2
4/7/2009,2
3/7/2009,2
2/7/2009,2
1/7/2009,2
30/6/2009,2
29/6/2009,2
28/6/2009,2
27/6/2009,2
26/6/2009,2
25/6/2009,2
24/6/2009,2
23/6/2009,2
22/6/2009,2
21/6/2009,2
20/6/2009,2
19/6/2009,2
18/6/2009,2
17/6/2009,2
16/6/2009,2
15/6/2009,2
14/6/2009,2
13/6/2009,2
12/6/2009,2
11/6/2009,2
10/6/2009,2
9/6/2009,2
8/6/2009,2
7/6/2009,2
6/6/2009,2
5/6/2009,2
4/6/2009,2
3/6/2009,2
2/6/2009,2
1/6/2009,2
31/5/2009,2
30/5/2009,2
29/5/2009,2
28/5/2009,2
27/5/2009,2
26/5/2009,2
25/5/2009,2
24/5/2009,2
23/5/2009,2
22/5/2009,2
21/5/2009,2
20/5/2009,2
19/5/2009,2
18/5/2009,2
17/5/2009,2
16/5/2009,2
15/5/2009,2
14/5/2009,2
13/5/2009,2
12/5/2009,2
11/5/2009,2
10/5/2009,2
9/5/2009,2
8/5/2009,2
7/5/2009,2
6/5/2009,2
5/5/2009,2
4/5/2009,2
3/5/2009,2
2/5/2009,2
1/5/2009,2
30/4/2009,2
29/4/2009,2
28/4/2009,2
27/4/2009,2
26/4/2009,2
25/4/2009,2
24/4/2009,2
23/4/2009,2
22/4/2009,2
21/4/2009,2
20/4/2009,2
19/4/2009,2
18/4/2009,2
17/4/2009,2
16/4/2009,2
15/4/2009,2
14/4/2009,2
13/4/2009,2
12/4/2009,2
11/4/2009,2
10/4/2009,2
9/4/2009,2
8/4/2009,2
7/4/2009,2
6/4/2009,2
5/4/2009,2
4/4/2009,2
3/4/2009,2
2/4/2009,2
1/4/2009,2
31/3/2009,2
30/3/2009,2
29/3/2009,2
28/3/2009,2
27/3/2009,2
26/3/2009,2
25/3/2009,2
24/3/2009,2
23/3/2009,2
22/3/2009,2
21/3/2009,2
20/3/2009,2
19/3/2009,2
18/3/2009,2
17/3/2009,2
16/3/2009,2
15/3/2009,2
14/3/2009,2
13/3/2009,2
12/3/2009,2
11/3/2009,2
10/3/2009,2
9/3/2009,2
8/3/2009,2
7/3/2009,2
6/3/2009,2
5/3/2009,2
4/3/2009,2
3/3/2009,2
2/3/2009,2
1/3/2009,2
28/2/2009,2
27/2/2009,2
26/2/2009,2
25/2/2009,2
24/2/2009,2
23/2/2009,2
22/2/2009,2
21/2/2009,2
20/2/2009,2
19/2/2009,2
18/2/2009,2
17/2/2009,2
16/2/2009,2
15/2/2009,2
14/2/2009,2
13/2/2009,2
12/2/2009,2
11/2/2009,2
10/2/2009,2
9/2/2009,2
8/2/2009,2
7/2/2009,2
6/2/2009,2
5/2/2009,2
4/2/2009,2
3/2/2009,2
2/2/2009,2
1/2/2009,2
31/1/2009,2
30/1/2009,2
29/1/2009,2
28/1/2009,2
27/1/2009,2
26/1/2009,2
25/1/2009,2
24/1/2009,2
23/1/2009,2
22/1/2009,2
21/1/2009,2
20/1/2009,2
19/1/2009,2
18/1/2009,2
17/1/2009,2
16/1/2009,2
15/1/2009,2
14/1/2009,2
13/1/2009,2
12/1/2009,2
11/1/2009,2
10/1/2009,2
9/1/2009,2
8/1/2009,2
7/1/2009,2
6/1/2009,2
5/1/2009,2
4/1/2009,2
3/1/2009,2